,referencing,referenced,total_refs,direct_ref,length
0,1ed6a4a10589618d4f26350f1a296ee767ceff6b,b9a9d50cd3a4bff4555f5b5cc1fa6d3dfd772946,1,True,126.79936401362451
1,1ed6a4a10589618d4f26350f1a296ee767ceff6b,5e07da2914783a21980ecc1cea688d1333e6b6e4,1,True,128.76477189742047
2,1ed6a4a10589618d4f26350f1a296ee767ceff6b,587a48cfd5c673dcecaafa11068867b31379568a,1,True,115.65285227309647
3,1ed6a4a10589618d4f26350f1a296ee767ceff6b,304bb526a1eed62ce34e28bdb7846a7e5b2ccd2b,1,True,102.34925107027154
4,1ed6a4a10589618d4f26350f1a296ee767ceff6b,db8d0e94175a54cd0faf93d9bee33a73f6bcdff9,1,True,112.68461345170893
5,1ed6a4a10589618d4f26350f1a296ee767ceff6b,e0f4e6a1368263582df142b025a0bc14d8a2b6dc,1,True,127.9759046880331
6,1ed6a4a10589618d4f26350f1a296ee767ceff6b,28d6b2370d930efd4c48f74bb28026b311b4777c,1,True,130.55498409761407
7,1ed6a4a10589618d4f26350f1a296ee767ceff6b,aebd8bab5cff769fed204dba35112e364a47e504,1,True,117.07359392696365
8,1ed6a4a10589618d4f26350f1a296ee767ceff6b,7c469b7f89043f4867b02938be67d786fc761827,1,True,94.47812822145603
9,1ed6a4a10589618d4f26350f1a296ee767ceff6b,1a014a076cac3c7f5d81a084e296c095f9230437,4,True,126.36303329245612
10,1ed6a4a10589618d4f26350f1a296ee767ceff6b,6a27853548e78d73eac74088bbd213a29b47772e,1,True,96.09692636830043
11,1ed6a4a10589618d4f26350f1a296ee767ceff6b,bde9ab741e1ca8e8ded4bea9422b72fa6fc3e910,2,True,85.54020722339786
12,1ed6a4a10589618d4f26350f1a296ee767ceff6b,8c25c36f141a121fb4a3765ebc5f256c46f19058,1,True,104.13472169462045
13,1ed6a4a10589618d4f26350f1a296ee767ceff6b,573580048a171654d4301e3fe25e82930971e079,2,True,125.19518121510747
14,1ed6a4a10589618d4f26350f1a296ee767ceff6b,75df1f1d045286c70ad16dc486bd65b4cde5773e,1,True,100.08687658661566
15,1ed6a4a10589618d4f26350f1a296ee767ceff6b,df4d07c1535fc9b98eff715d79dbc9d0a290e65d,1,True,107.68697554673415
16,1ed6a4a10589618d4f26350f1a296ee767ceff6b,89add45c9caad711b1972a5dab9d3f83a1c40ae4,2,True,127.80038371746296
17,1ed6a4a10589618d4f26350f1a296ee767ceff6b,218192dad90ade9b1d4389aa907fd642e698ad4e,2,True,121.47859417623899
18,1ed6a4a10589618d4f26350f1a296ee767ceff6b,4fadacdfc35d19a016e24223d778058c099f3bab,2,True,108.33133124928884
19,1ed6a4a10589618d4f26350f1a296ee767ceff6b,3e8809e95fde05760bfe07806f37f1b0e49da32f,1,True,122.39479442396892
20,1ed6a4a10589618d4f26350f1a296ee767ceff6b,532551ab6713a9fdab7c517401dd6d81b102c3dd,1,True,121.2459615348855
21,1ed6a4a10589618d4f26350f1a296ee767ceff6b,8fb70df00c8674ff7d5dd594c6908a609c9969d6,2,True,133.89343306375338
22,1ed6a4a10589618d4f26350f1a296ee767ceff6b,329705a255360c8f86a10d909a92794ed8a0857a,5,True,118.00003792018676
23,1ed6a4a10589618d4f26350f1a296ee767ceff6b,05b82cb6c29bdd29e2c067fb81006db8dd8b9097,1,True,111.7225735398373
24,1ed6a4a10589618d4f26350f1a296ee767ceff6b,2e744656a2a84ee576a03a51bc875f6b16616728,1,True,118.48341832898062
25,1ed6a4a10589618d4f26350f1a296ee767ceff6b,3bf6af7c8b42a205e4c9efd247317f7c2105a7bc,2,True,119.16465179938226
26,1ed6a4a10589618d4f26350f1a296ee767ceff6b,462ebec7d0865d79a74e2b61b5758a4d51b96fbf,1,True,114.69617380962
27,1ed6a4a10589618d4f26350f1a296ee767ceff6b,11cc9dd9e67a515bf612d2f75cc6b25e3be34d93,1,True,119.61465071351225
28,1ed6a4a10589618d4f26350f1a296ee767ceff6b,641a9d87b9636d4ef2e353a569ddede68bd29131,4,True,156.93577948879465
29,1ed6a4a10589618d4f26350f1a296ee767ceff6b,7095f5c714c0c6ad877162ce30c2f376ebc5e269,1,True,109.62043250565232
30,1ed6a4a10589618d4f26350f1a296ee767ceff6b,ecf833c44f118533da76ffab57b0dae6bcb0be8f,1,True,123.66365967416914
31,1ed6a4a10589618d4f26350f1a296ee767ceff6b,f3535820fdaee5ec472d1de8dcd48fecfea934cb,1,True,114.75615209132349
32,1ed6a4a10589618d4f26350f1a296ee767ceff6b,eb96fc97bbae7b5653173293438e2f4682affd34,2,True,140.42704314811633
33,1ed6a4a10589618d4f26350f1a296ee767ceff6b,63d1d9c653f8e41bde24e8287a9f67c20a18b023,1,True,118.16493975560888
34,1ed6a4a10589618d4f26350f1a296ee767ceff6b,162cf77bce9decc171163c1f7bfe5826099644c9,1,True,110.46221902315206
35,1ed6a4a10589618d4f26350f1a296ee767ceff6b,19e9dab9d90cc52ef647e0cbc668371cf1f49214,1,True,121.11848381870698
36,1ed6a4a10589618d4f26350f1a296ee767ceff6b,db7ababa8a1564b0525b56d576b0fa5d3a5c82a0,3,True,126.30143782399969
37,1ed6a4a10589618d4f26350f1a296ee767ceff6b,68cd87dc4e11543bd3d3aa05aae547cddcb3756b,6,True,124.7752036423895
38,1ed6a4a10589618d4f26350f1a296ee767ceff6b,d5cc6b80627d3248e2aef363da01747f36cf95b1,3,True,127.12475092469877
39,1ed6a4a10589618d4f26350f1a296ee767ceff6b,8fcbc38e7196b0dc8748f04cd6101e71f92c158e,8,True,141.83845487431174
40,1ed6a4a10589618d4f26350f1a296ee767ceff6b,1d10010ea7af43d59e1909d27e4e0e987264c667,1,True,126.42194281917607
41,1ed6a4a10589618d4f26350f1a296ee767ceff6b,3500d8d44c28c316970d857b665fb42b100049c7,3,True,132.33134330204533
42,1ed6a4a10589618d4f26350f1a296ee767ceff6b,5bb9c3ececc4417b6a5ee9cf363ae236bc03a44b,1,True,91.51314834383793
43,1ed6a4a10589618d4f26350f1a296ee767ceff6b,59d75224e55301b550b30384d63fc824b3919f4c,1,True,133.27105631952762
44,1ed6a4a10589618d4f26350f1a296ee767ceff6b,7e5e74601ac5980dbff05c30f5547960617ef81e,1,True,85.84734271437901
45,1ed6a4a10589618d4f26350f1a296ee767ceff6b,870138cbd639721270ccf1c360bad5f6d72f9a4a,4,True,99.68354087181126
46,1ed6a4a10589618d4f26350f1a296ee767ceff6b,ed91c25920779d9921d7599ec8013fe56ab759e0,1,True,133.87262179760128
47,1ed6a4a10589618d4f26350f1a296ee767ceff6b,03b7e51c52084ac1db5118342a00b5fbcfc587aa,3,True,110.0665314978102
48,1ed6a4a10589618d4f26350f1a296ee767ceff6b,7708178d34d069b58a88ea4eb13aa1f57d87bedb,3,True,105.29015276125821
49,1ed6a4a10589618d4f26350f1a296ee767ceff6b,0473a64f61a47be428b05a42c590e78da86c18d5,2,True,112.07778707482218
50,1ed6a4a10589618d4f26350f1a296ee767ceff6b,5042cb5efad30f443adef472b8748e1b7bb0452f,8,True,111.93359179364421
51,1ed6a4a10589618d4f26350f1a296ee767ceff6b,55b96d6dc407b03a6cb749a10be0768569910fa1,2,True,114.23598333547547
52,1ed6a4a10589618d4f26350f1a296ee767ceff6b,13ee1b2e6757d29aa5b3f19c40d57163ac82d952,2,True,110.18389980720733
53,1ed6a4a10589618d4f26350f1a296ee767ceff6b,91bf62ef88c5f1308b060ae684923c8bf4db004a,4,True,119.84491740808065
54,1ed6a4a10589618d4f26350f1a296ee767ceff6b,ef5766431999a128101a1373f079916ad104230f,2,True,111.57015795294285
55,1ed6a4a10589618d4f26350f1a296ee767ceff6b,f2fe97e0f24c4a7dbb1fd8bce7f819740f8c57fd,4,True,106.76780612673022
56,1ed6a4a10589618d4f26350f1a296ee767ceff6b,1c5e37e86f2a45d85a5ed96483fe08369e5b7d9e,2,True,126.50368504642644
57,1ed6a4a10589618d4f26350f1a296ee767ceff6b,7cf137c73fbf3febc37570b2f74d1e034672a5db,5,True,127.08034682571888
58,1ed6a4a10589618d4f26350f1a296ee767ceff6b,018763e3014a55ef7b9456e8f8564671116dd89a,1,True,115.80659231426887
59,1ed6a4a10589618d4f26350f1a296ee767ceff6b,d127b36e1c7110ae8d40b5691c011bac1992b472,1,True,122.1013044531256
60,1ed6a4a10589618d4f26350f1a296ee767ceff6b,83030f1819e40215934231253d5629583cad23a8,4,True,115.57298920242805
61,1ed6a4a10589618d4f26350f1a296ee767ceff6b,3a6ad171e0bae0c580c373494de15ad31a82e0aa,1,True,118.407747035844
62,1ed6a4a10589618d4f26350f1a296ee767ceff6b,960569fbe39644a2d5db5ce87c19474b409d1cf6,2,True,107.28524236861104
63,1ed6a4a10589618d4f26350f1a296ee767ceff6b,e2a3937c8815df556bdd605f91311e889045477b,3,True,132.25225125122628
64,1ed6a4a10589618d4f26350f1a296ee767ceff6b,27aa2a3254c6049e13724e744ab87ce57764486d,1,True,117.79289049933269
65,1ed6a4a10589618d4f26350f1a296ee767ceff6b,30755a7614148f1acf5edca72385832410c7c33a,2,True,103.64675891924406
66,1ed6a4a10589618d4f26350f1a296ee767ceff6b,df7c3e4896e24e78c46a5d62abb4c82e636bf26c,5,True,117.96578273402878
67,1ed6a4a10589618d4f26350f1a296ee767ceff6b,5c9529259e180dea589447d9b7414a998286e1c2,5,True,84.33068047812509
68,1ed6a4a10589618d4f26350f1a296ee767ceff6b,5cd13cdcb735b29821b463c33e4dd220899fc7f8,2,True,119.48797820193901
69,1ed6a4a10589618d4f26350f1a296ee767ceff6b,fbeea679dacf07984ee0581478973f4ac8dd7f43,1,True,110.77556839240337
70,1ed6a4a10589618d4f26350f1a296ee767ceff6b,71d51281ec16ac8feb5f22d04262858ba2cb9bc0,6,True,100.73051485177797
71,1ed6a4a10589618d4f26350f1a296ee767ceff6b,3dabda9bee839bb5e39884e4bd7d08385e36d9b9,6,True,111.35864624000322
72,1ed6a4a10589618d4f26350f1a296ee767ceff6b,9f87a11a523e4680e61966e36ea2eac516096f23,6,True,98.25711515672188
73,1ed6a4a10589618d4f26350f1a296ee767ceff6b,c2023aaa8b6e633176cc233867b501707f5de417,4,True,97.55878810601448
74,1ed6a4a10589618d4f26350f1a296ee767ceff6b,3ae4c114bac244e5f20b9061ada3f4248e815139,4,True,103.01709827104044
75,1ed6a4a10589618d4f26350f1a296ee767ceff6b,3af40a20d8d39747a4f5658af2d495b5e41b5f57,5,True,116.27278626778457
76,1ed6a4a10589618d4f26350f1a296ee767ceff6b,9d25b53735c3078a34c3c2ed4fe1193a81ed0e82,3,True,124.68406810827923
77,1ed6a4a10589618d4f26350f1a296ee767ceff6b,c9497871188157119a33aefb6fd556786a578596,5,True,109.6215647238336
78,1ed6a4a10589618d4f26350f1a296ee767ceff6b,8012c4a1e2ca663f1a04e80cbb19631a00cbab27,7,True,108.01409743685436
79,1ed6a4a10589618d4f26350f1a296ee767ceff6b,9677833ffda15c5194c9fd7366a95e977395407c,1,True,106.98778644607636
80,1ed6a4a10589618d4f26350f1a296ee767ceff6b,1d7d0e8c4791700defd4b0df82a26b50055346e0,6,True,101.17335865437795
81,1ed6a4a10589618d4f26350f1a296ee767ceff6b,cda1c82b9d48b5cc94ae5bda33e864d95b3053dd,4,True,118.16526638653586
82,1ed6a4a10589618d4f26350f1a296ee767ceff6b,605402e235bd62437baf3c9ebefe77fb4d92ee95,9,True,114.19590446050509
83,1ed6a4a10589618d4f26350f1a296ee767ceff6b,be01b49cec664c21e6789cc77d9c836e62cc3b99,6,True,65.88535963864928
84,1ed6a4a10589618d4f26350f1a296ee767ceff6b,297c253864ed74b1fb84f97e2e7a04bbcb7163d9,1,True,82.22176195084168
85,1ed6a4a10589618d4f26350f1a296ee767ceff6b,38e298647030ab32b7be33b44951d7e54cfb8091,1,True,112.43456339832805
86,1ed6a4a10589618d4f26350f1a296ee767ceff6b,89794232987d3973109ba78327a4c989a6e4970b,4,True,132.29559247209085
87,1ed6a4a10589618d4f26350f1a296ee767ceff6b,25c9f33aceac6dcff357727cbe2faf145b01d13c,2,True,100.60638906728585
88,1ed6a4a10589618d4f26350f1a296ee767ceff6b,cc26364e66f9a6ae80bbb41f0023cc53780ad0a6,5,True,129.26346362968033
89,1ed6a4a10589618d4f26350f1a296ee767ceff6b,841cd4a6cac86fa0cfb0e8542eac5ed164f23f50,1,True,117.04938976247523
90,1ed6a4a10589618d4f26350f1a296ee767ceff6b,974bf001626115b669aa92f6851d02accd8b9f00,6,True,90.3168425892193
91,1ed6a4a10589618d4f26350f1a296ee767ceff6b,0fc1a8c2f61e6c4995d30b622407029dce4c5479,1,True,32.571902513584085
92,1ed6a4a10589618d4f26350f1a296ee767ceff6b,a320b5e679ea0aacefcf847386dd8ee790ac073b,7,True,91.58676613754284
93,1ed6a4a10589618d4f26350f1a296ee767ceff6b,badb0516cf0ca095c4370a41795323e40e43372c,6,True,96.59695832952676
94,1ed6a4a10589618d4f26350f1a296ee767ceff6b,9f22cf81654dd50b95e65b86b1125cfe6803a67b,2,True,121.73186129410358
95,1ed6a4a10589618d4f26350f1a296ee767ceff6b,60944c5243db70a687a320a2622d3bd1610802a8,3,True,133.65227234276804
96,1ed6a4a10589618d4f26350f1a296ee767ceff6b,4d846b6f9b0c69835b7df701a0c0601c4c4f9477,1,True,99.72146648085189
97,1ed6a4a10589618d4f26350f1a296ee767ceff6b,5124dd060e3ba8a1c1acd96cbe2e152e058c0031,1,True,40.80386920939074
98,1ed6a4a10589618d4f26350f1a296ee767ceff6b,65f00fc243eb98d83c2e2a76f867bb4d1d3be9d5,1,True,79.49067800196548
99,1ed6a4a10589618d4f26350f1a296ee767ceff6b,86dd743c8408f216a3b40f47a9236872cd433423,6,True,93.05543615462648
100,1ed6a4a10589618d4f26350f1a296ee767ceff6b,65e5fc44c3dc000a246517e1544c703a156d44be,1,True,59.80484912215132
101,1ed6a4a10589618d4f26350f1a296ee767ceff6b,28d512cd879379adc9a5c6d7d3553c08b95e74cc,1,True,120.79921675776548
102,1ed6a4a10589618d4f26350f1a296ee767ceff6b,a598ad426924c218fb3f1a16301e3d7ee9d48cb0,1,True,70.76920190099769
103,1ed6a4a10589618d4f26350f1a296ee767ceff6b,dc9047917d1ceb3805d954c73899ddd2d40dd5eb,2,True,50.06307880339234
104,1ed6a4a10589618d4f26350f1a296ee767ceff6b,9d4ed00eb058cc134bad8a52fc6cef7d5c541d9a,2,True,59.28625153371061
107,b9a9d50cd3a4bff4555f5b5cc1fa6d3dfd772946,1a014a076cac3c7f5d81a084e296c095f9230437,4,False,150.72446973767714
118,b9a9d50cd3a4bff4555f5b5cc1fa6d3dfd772946,641a9d87b9636d4ef2e353a569ddede68bd29131,4,False,164.3338599066257
123,b9a9d50cd3a4bff4555f5b5cc1fa6d3dfd772946,8fcbc38e7196b0dc8748f04cd6101e71f92c158e,8,False,170.2898864638276
126,b9a9d50cd3a4bff4555f5b5cc1fa6d3dfd772946,5042cb5efad30f443adef472b8748e1b7bb0452f,8,False,151.51226956026326
128,b9a9d50cd3a4bff4555f5b5cc1fa6d3dfd772946,393c5d7517fbcbdbcd1878d32af9f98c4414ac14,4,False,140.77062452180022
130,b9a9d50cd3a4bff4555f5b5cc1fa6d3dfd772946,615b73057d8b0ac9fb251db70264ee0e9131086c,4,False,136.83689640244313
132,b9a9d50cd3a4bff4555f5b5cc1fa6d3dfd772946,5c9529259e180dea589447d9b7414a998286e1c2,5,False,114.51511620465355
134,b9a9d50cd3a4bff4555f5b5cc1fa6d3dfd772946,ee73f5f94b654d2da610e74e3ab0c6420826e8ea,6,False,149.92694587392114
135,b9a9d50cd3a4bff4555f5b5cc1fa6d3dfd772946,71d51281ec16ac8feb5f22d04262858ba2cb9bc0,6,False,136.646738822517
136,b9a9d50cd3a4bff4555f5b5cc1fa6d3dfd772946,9f87a11a523e4680e61966e36ea2eac516096f23,6,False,101.82762395675222
140,b9a9d50cd3a4bff4555f5b5cc1fa6d3dfd772946,605402e235bd62437baf3c9ebefe77fb4d92ee95,9,False,133.36942897062235
141,b9a9d50cd3a4bff4555f5b5cc1fa6d3dfd772946,be01b49cec664c21e6789cc77d9c836e62cc3b99,6,False,68.10099702580214
146,b9a9d50cd3a4bff4555f5b5cc1fa6d3dfd772946,974bf001626115b669aa92f6851d02accd8b9f00,6,False,111.40698334850792
147,b9a9d50cd3a4bff4555f5b5cc1fa6d3dfd772946,a320b5e679ea0aacefcf847386dd8ee790ac073b,7,False,116.54417927589462
148,b9a9d50cd3a4bff4555f5b5cc1fa6d3dfd772946,bd947b109a9803a390865ac8d1a7549504d452ca,4,False,146.11600711246285
149,b9a9d50cd3a4bff4555f5b5cc1fa6d3dfd772946,c034f8ce0898388419ced7b701485eb46cd4717e,5,False,121.50411528561197
150,b9a9d50cd3a4bff4555f5b5cc1fa6d3dfd772946,badb0516cf0ca095c4370a41795323e40e43372c,6,False,124.37112134372819
151,b9a9d50cd3a4bff4555f5b5cc1fa6d3dfd772946,5d203021cf91e4ed5aeffe4e3a7704814cbe6d48,6,False,120.15856118251685
154,5e07da2914783a21980ecc1cea688d1333e6b6e4,1a014a076cac3c7f5d81a084e296c095f9230437,4,False,131.56360307015748
164,5e07da2914783a21980ecc1cea688d1333e6b6e4,329705a255360c8f86a10d909a92794ed8a0857a,5,False,119.06117907860454
169,5e07da2914783a21980ecc1cea688d1333e6b6e4,641a9d87b9636d4ef2e353a569ddede68bd29131,4,False,140.29922189109993
171,5e07da2914783a21980ecc1cea688d1333e6b6e4,68cd87dc4e11543bd3d3aa05aae547cddcb3756b,6,False,136.61774984128044
172,5e07da2914783a21980ecc1cea688d1333e6b6e4,8fcbc38e7196b0dc8748f04cd6101e71f92c158e,8,False,131.87491564395154
175,5e07da2914783a21980ecc1cea688d1333e6b6e4,870138cbd639721270ccf1c360bad5f6d72f9a4a,4,False,100.80737083288933
179,5e07da2914783a21980ecc1cea688d1333e6b6e4,5042cb5efad30f443adef472b8748e1b7bb0452f,8,False,118.33690283511649
183,5e07da2914783a21980ecc1cea688d1333e6b6e4,7cf137c73fbf3febc37570b2f74d1e034672a5db,5,False,115.43119265654906
190,5e07da2914783a21980ecc1cea688d1333e6b6e4,12b9019f99a315a137400389ee7c6faa4cceef35,11,False,130.64016583808615
191,5e07da2914783a21980ecc1cea688d1333e6b6e4,3ae4c114bac244e5f20b9061ada3f4248e815139,4,False,99.52216516400925
192,5e07da2914783a21980ecc1cea688d1333e6b6e4,8012c4a1e2ca663f1a04e80cbb19631a00cbab27,7,False,106.75503861105187
194,5e07da2914783a21980ecc1cea688d1333e6b6e4,cda1c82b9d48b5cc94ae5bda33e864d95b3053dd,4,False,127.47142423933326
195,5e07da2914783a21980ecc1cea688d1333e6b6e4,a98b48c6746c9da9759badfcdf2870bc56697642,5,False,122.68766830824016
196,5e07da2914783a21980ecc1cea688d1333e6b6e4,605402e235bd62437baf3c9ebefe77fb4d92ee95,9,False,116.65924874394756
197,5e07da2914783a21980ecc1cea688d1333e6b6e4,be01b49cec664c21e6789cc77d9c836e62cc3b99,6,False,59.28200054797785
198,5e07da2914783a21980ecc1cea688d1333e6b6e4,89794232987d3973109ba78327a4c989a6e4970b,4,False,137.48180624378008
199,5e07da2914783a21980ecc1cea688d1333e6b6e4,badb0516cf0ca095c4370a41795323e40e43372c,6,False,75.9237062537049
302,db8d0e94175a54cd0faf93d9bee33a73f6bcdff9,1a014a076cac3c7f5d81a084e296c095f9230437,4,False,141.58972918755336
310,db8d0e94175a54cd0faf93d9bee33a73f6bcdff9,329705a255360c8f86a10d909a92794ed8a0857a,5,False,103.95260050894433
319,db8d0e94175a54cd0faf93d9bee33a73f6bcdff9,8fcbc38e7196b0dc8748f04cd6101e71f92c158e,8,False,150.26666470552667
329,db8d0e94175a54cd0faf93d9bee33a73f6bcdff9,0ea24ffe3bee9faeeead947c6c7ab00c99f5ccf2,4,False,142.67794185564998
333,db8d0e94175a54cd0faf93d9bee33a73f6bcdff9,639357ad1158329920eeefddabe6ca1602eec486,4,False,149.16949712795616
348,db8d0e94175a54cd0faf93d9bee33a73f6bcdff9,3af40a20d8d39747a4f5658af2d495b5e41b5f57,5,False,135.24973005935604
380,e0f4e6a1368263582df142b025a0bc14d8a2b6dc,cfc63624984c37c5a5221ecccabf371f7b47c6e4,4,False,144.03677821900044
381,e0f4e6a1368263582df142b025a0bc14d8a2b6dc,7400f953e1b12888e857b67ff4fd60f4b15f259c,4,False,132.99004590200693
383,e0f4e6a1368263582df142b025a0bc14d8a2b6dc,a17c8d7670e04e7291ed66f725a1cf1c62064922,5,False,159.98747861550171
389,e0f4e6a1368263582df142b025a0bc14d8a2b6dc,5ec9085288eb89a66171a12b0ee5872955425ea0,4,False,135.79136668764986
390,e0f4e6a1368263582df142b025a0bc14d8a2b6dc,4977756d2f23c07292d8d7ca28098bcd5bdf3f89,4,False,131.50563552616347
394,e0f4e6a1368263582df142b025a0bc14d8a2b6dc,ff0adecc1a8bc5c16c0584390f42be9e1cb5ee9c,5,False,142.48800117307795
432,28d6b2370d930efd4c48f74bb28026b311b4777c,ce38b7a0143ecf6d0938eb9c5965934865d28f82,4,False,148.82625386272613
439,28d6b2370d930efd4c48f74bb28026b311b4777c,bd1dad58964790cf2e0045b2bc2a07d275f37789,5,False,166.68139608440256
442,28d6b2370d930efd4c48f74bb28026b311b4777c,00e9ad82a2bb18b94e15010de34ca470c684895c,6,False,154.80537024160904
450,28d6b2370d930efd4c48f74bb28026b311b4777c,8fb91a57bf518b3cd4b264a6000aa0048e2c3941,4,False,153.9544170864596
467,28d6b2370d930efd4c48f74bb28026b311b4777c,1f3b15c188ee8410c342f387e61ec571759dd287,6,False,148.856994675234
486,28d6b2370d930efd4c48f74bb28026b311b4777c,18ab02548f0bb37734e90388669b479578ea4550,6,False,157.69374546053524
488,28d6b2370d930efd4c48f74bb28026b311b4777c,04282d7cc824dfc57582d8f3abc44afe7c58fc4c,5,False,157.04614529731853
489,28d6b2370d930efd4c48f74bb28026b311b4777c,322ed43aace4914640ef1e1ee3a7e796f55e6606,5,False,155.02562764216432
491,28d6b2370d930efd4c48f74bb28026b311b4777c,71d51281ec16ac8feb5f22d04262858ba2cb9bc0,6,False,121.19236115711935
499,28d6b2370d930efd4c48f74bb28026b311b4777c,5420134076274d910cc2ac526f3e38af3de433da,4,False,123.29309528807144
506,28d6b2370d930efd4c48f74bb28026b311b4777c,67961ea72e01ede3d9f94985468478c1f2e116c4,4,False,135.609073572697
511,28d6b2370d930efd4c48f74bb28026b311b4777c,79fe558ea9e13f4bdbbd1c8ddef8e863c0839d80,5,False,150.8381737131234
514,28d6b2370d930efd4c48f74bb28026b311b4777c,86876c68d05af50330d07ee10790ddcf6578c7d9,5,False,157.4025619566909
529,28d6b2370d930efd4c48f74bb28026b311b4777c,fe1f6a674cd1b7bb612b145bbb62eed61fbc9833,6,False,153.18285119449652
586,aebd8bab5cff769fed204dba35112e364a47e504,8012c4a1e2ca663f1a04e80cbb19631a00cbab27,7,False,127.43504654403901
589,aebd8bab5cff769fed204dba35112e364a47e504,f2757018aa230dba01d99f3a7917c202214580a5,4,False,129.26196989470648
592,aebd8bab5cff769fed204dba35112e364a47e504,76361a44e145732a39dbc68d9418871038c83be2,4,False,133.29179887840272
713,1a014a076cac3c7f5d81a084e296c095f9230437,329705a255360c8f86a10d909a92794ed8a0857a,5,False,124.1320297390787
715,1a014a076cac3c7f5d81a084e296c095f9230437,641a9d87b9636d4ef2e353a569ddede68bd29131,4,False,155.36910195033843
718,1a014a076cac3c7f5d81a084e296c095f9230437,68cd87dc4e11543bd3d3aa05aae547cddcb3756b,6,False,138.75723881769215
720,1a014a076cac3c7f5d81a084e296c095f9230437,8fcbc38e7196b0dc8748f04cd6101e71f92c158e,8,False,146.3183819916414
723,1a014a076cac3c7f5d81a084e296c095f9230437,00e9ad82a2bb18b94e15010de34ca470c684895c,6,False,117.63645391211801
724,1a014a076cac3c7f5d81a084e296c095f9230437,0ea24ffe3bee9faeeead947c6c7ab00c99f5ccf2,4,False,152.5258986996427
726,1a014a076cac3c7f5d81a084e296c095f9230437,5042cb5efad30f443adef472b8748e1b7bb0452f,8,False,138.2725720183901
728,1a014a076cac3c7f5d81a084e296c095f9230437,393c5d7517fbcbdbcd1878d32af9f98c4414ac14,4,False,121.92954739837847
731,1a014a076cac3c7f5d81a084e296c095f9230437,615b73057d8b0ac9fb251db70264ee0e9131086c,4,False,128.49310733948482
732,1a014a076cac3c7f5d81a084e296c095f9230437,83030f1819e40215934231253d5629583cad23a8,4,False,126.57417922698218
738,1a014a076cac3c7f5d81a084e296c095f9230437,5c9529259e180dea589447d9b7414a998286e1c2,5,False,123.20417161813648
739,1a014a076cac3c7f5d81a084e296c095f9230437,ee73f5f94b654d2da610e74e3ab0c6420826e8ea,6,False,127.73000775352472
740,1a014a076cac3c7f5d81a084e296c095f9230437,71d51281ec16ac8feb5f22d04262858ba2cb9bc0,6,False,116.24590061500666
741,1a014a076cac3c7f5d81a084e296c095f9230437,3dabda9bee839bb5e39884e4bd7d08385e36d9b9,6,False,118.89119650425428
742,1a014a076cac3c7f5d81a084e296c095f9230437,9f87a11a523e4680e61966e36ea2eac516096f23,6,False,118.20879324256947
743,1a014a076cac3c7f5d81a084e296c095f9230437,0877cd35d860e0ff3220c8927178c8fd3d880348,4,False,120.85224398752797
744,1a014a076cac3c7f5d81a084e296c095f9230437,3ae4c114bac244e5f20b9061ada3f4248e815139,4,False,114.64338688748926
745,1a014a076cac3c7f5d81a084e296c095f9230437,3af40a20d8d39747a4f5658af2d495b5e41b5f57,5,False,125.76465190180228
747,1a014a076cac3c7f5d81a084e296c095f9230437,8012c4a1e2ca663f1a04e80cbb19631a00cbab27,7,False,130.00832887430798
748,1a014a076cac3c7f5d81a084e296c095f9230437,1d7d0e8c4791700defd4b0df82a26b50055346e0,6,False,132.47540583060956
749,1a014a076cac3c7f5d81a084e296c095f9230437,cda1c82b9d48b5cc94ae5bda33e864d95b3053dd,4,False,125.04000605602765
750,1a014a076cac3c7f5d81a084e296c095f9230437,605402e235bd62437baf3c9ebefe77fb4d92ee95,9,False,141.45995540994397
752,1a014a076cac3c7f5d81a084e296c095f9230437,be01b49cec664c21e6789cc77d9c836e62cc3b99,6,False,61.192608406724915
753,1a014a076cac3c7f5d81a084e296c095f9230437,89794232987d3973109ba78327a4c989a6e4970b,4,False,142.87309334610967
755,1a014a076cac3c7f5d81a084e296c095f9230437,86876c68d05af50330d07ee10790ddcf6578c7d9,5,False,129.23236001302624
756,1a014a076cac3c7f5d81a084e296c095f9230437,cc26364e66f9a6ae80bbb41f0023cc53780ad0a6,5,False,123.58134981195379
759,1a014a076cac3c7f5d81a084e296c095f9230437,974bf001626115b669aa92f6851d02accd8b9f00,6,False,124.14088155843217
760,1a014a076cac3c7f5d81a084e296c095f9230437,a320b5e679ea0aacefcf847386dd8ee790ac073b,7,False,102.71619180568949
762,1a014a076cac3c7f5d81a084e296c095f9230437,bd947b109a9803a390865ac8d1a7549504d452ca,4,False,127.64111951547437
765,1a014a076cac3c7f5d81a084e296c095f9230437,c034f8ce0898388419ced7b701485eb46cd4717e,5,False,108.34755410473478
766,1a014a076cac3c7f5d81a084e296c095f9230437,badb0516cf0ca095c4370a41795323e40e43372c,6,False,103.3892767196285
768,1a014a076cac3c7f5d81a084e296c095f9230437,5d203021cf91e4ed5aeffe4e3a7704814cbe6d48,6,False,106.47427615624107
769,1a014a076cac3c7f5d81a084e296c095f9230437,d36efb9ad91e00faa334b549ce989bfae7e2907a,8,False,85.50454913542353
770,1a014a076cac3c7f5d81a084e296c095f9230437,9903c333828bbe06bd54b90e0e50d62f8f95b759,4,False,100.87874658284659
771,1a014a076cac3c7f5d81a084e296c095f9230437,86dd743c8408f216a3b40f47a9236872cd433423,6,False,97.37310485388491
821,8c25c36f141a121fb4a3765ebc5f256c46f19058,cfc63624984c37c5a5221ecccabf371f7b47c6e4,4,False,166.672444465565
824,8c25c36f141a121fb4a3765ebc5f256c46f19058,7400f953e1b12888e857b67ff4fd60f4b15f259c,4,False,100.00352581964782
826,8c25c36f141a121fb4a3765ebc5f256c46f19058,a17c8d7670e04e7291ed66f725a1cf1c62064922,5,False,170.41958767440127
870,573580048a171654d4301e3fe25e82930971e079,8fcbc38e7196b0dc8748f04cd6101e71f92c158e,8,False,130.1681867054268
875,573580048a171654d4301e3fe25e82930971e079,bd1dad58964790cf2e0045b2bc2a07d275f37789,5,False,142.04381085706262
877,573580048a171654d4301e3fe25e82930971e079,00e9ad82a2bb18b94e15010de34ca470c684895c,6,False,140.45384595390846
880,573580048a171654d4301e3fe25e82930971e079,5042cb5efad30f443adef472b8748e1b7bb0452f,8,False,140.3696437007568
882,573580048a171654d4301e3fe25e82930971e079,8fb91a57bf518b3cd4b264a6000aa0048e2c3941,4,False,137.06149507196437
893,573580048a171654d4301e3fe25e82930971e079,83030f1819e40215934231253d5629583cad23a8,4,False,134.85076988299366
908,573580048a171654d4301e3fe25e82930971e079,18ab02548f0bb37734e90388669b479578ea4550,6,False,146.09439453934783
909,573580048a171654d4301e3fe25e82930971e079,04282d7cc824dfc57582d8f3abc44afe7c58fc4c,5,False,138.7680557260329
910,573580048a171654d4301e3fe25e82930971e079,322ed43aace4914640ef1e1ee3a7e796f55e6606,5,False,128.59222718041877
913,573580048a171654d4301e3fe25e82930971e079,ee73f5f94b654d2da610e74e3ab0c6420826e8ea,6,False,141.9938656225336
915,573580048a171654d4301e3fe25e82930971e079,0877cd35d860e0ff3220c8927178c8fd3d880348,4,False,132.68324020962027
930,573580048a171654d4301e3fe25e82930971e079,79fe558ea9e13f4bdbbd1c8ddef8e863c0839d80,5,False,130.9107104213714
934,573580048a171654d4301e3fe25e82930971e079,fe1f6a674cd1b7bb612b145bbb62eed61fbc9833,6,False,140.65005189418548
937,573580048a171654d4301e3fe25e82930971e079,76361a44e145732a39dbc68d9418871038c83be2,4,False,145.69996580143524
951,df4d07c1535fc9b98eff715d79dbc9d0a290e65d,ce38b7a0143ecf6d0938eb9c5965934865d28f82,4,False,147.17970183271453
956,df4d07c1535fc9b98eff715d79dbc9d0a290e65d,bd1dad58964790cf2e0045b2bc2a07d275f37789,5,False,169.28094096561253
957,df4d07c1535fc9b98eff715d79dbc9d0a290e65d,8fb91a57bf518b3cd4b264a6000aa0048e2c3941,4,False,161.4532007501307
965,df4d07c1535fc9b98eff715d79dbc9d0a290e65d,1f3b15c188ee8410c342f387e61ec571759dd287,6,False,168.23170501575933
973,df4d07c1535fc9b98eff715d79dbc9d0a290e65d,04282d7cc824dfc57582d8f3abc44afe7c58fc4c,5,False,164.39140089512537
976,df4d07c1535fc9b98eff715d79dbc9d0a290e65d,86876c68d05af50330d07ee10790ddcf6578c7d9,5,False,153.44957164592327
977,df4d07c1535fc9b98eff715d79dbc9d0a290e65d,fe1f6a674cd1b7bb612b145bbb62eed61fbc9833,6,False,146.455446860088
1012,89add45c9caad711b1972a5dab9d3f83a1c40ae4,f204c80c374772d66f28519795bd8929d0abf45a,6,False,137.68104094098476
1033,89add45c9caad711b1972a5dab9d3f83a1c40ae4,21e47a5b98afa4c56844a18c117461dc6150956d,4,False,153.1822835679975
1045,89add45c9caad711b1972a5dab9d3f83a1c40ae4,a98b48c6746c9da9759badfcdf2870bc56697642,5,False,148.72032965353665
1049,89add45c9caad711b1972a5dab9d3f83a1c40ae4,11918df72cdbd53021e00a67bc5f83c16cee0395,4,False,143.13391499692017
1100,218192dad90ade9b1d4389aa907fd642e698ad4e,2515e1a0c35376ebaedfd852a8f853443d0845a0,4,False,125.71066350273767
1110,218192dad90ade9b1d4389aa907fd642e698ad4e,26cf1230a1042ae5b8570c221c079fc5b9a32b8b,4,False,160.64317505586067
1113,218192dad90ade9b1d4389aa907fd642e698ad4e,1f3b15c188ee8410c342f387e61ec571759dd287,6,False,138.66475916081745
1129,218192dad90ade9b1d4389aa907fd642e698ad4e,4977756d2f23c07292d8d7ca28098bcd5bdf3f89,4,False,128.88656195680582
1150,218192dad90ade9b1d4389aa907fd642e698ad4e,da48257d68626f1fc3b1bfdb7b8898adf1c9d31c,4,False,163.85593955004023
1157,218192dad90ade9b1d4389aa907fd642e698ad4e,3ae4c114bac244e5f20b9061ada3f4248e815139,4,False,137.211830814901
1158,218192dad90ade9b1d4389aa907fd642e698ad4e,ebf5cb8e570a6995989db749592ace16bc3f5d2b,4,False,155.0224253781947
1188,218192dad90ade9b1d4389aa907fd642e698ad4e,a320b5e679ea0aacefcf847386dd8ee790ac073b,7,False,108.95365600115568
1200,218192dad90ade9b1d4389aa907fd642e698ad4e,c034f8ce0898388419ced7b701485eb46cd4717e,5,False,127.73763418466982
1249,4fadacdfc35d19a016e24223d778058c099f3bab,21e47a5b98afa4c56844a18c117461dc6150956d,4,False,146.45960140468299
1260,4fadacdfc35d19a016e24223d778058c099f3bab,a98b48c6746c9da9759badfcdf2870bc56697642,5,False,140.83423645149475
1263,4fadacdfc35d19a016e24223d778058c099f3bab,11918df72cdbd53021e00a67bc5f83c16cee0395,4,False,148.07255774843412
1293,3e8809e95fde05760bfe07806f37f1b0e49da32f,cfc63624984c37c5a5221ecccabf371f7b47c6e4,4,False,152.42940900411205
1294,3e8809e95fde05760bfe07806f37f1b0e49da32f,7400f953e1b12888e857b67ff4fd60f4b15f259c,4,False,126.71589748406551
1297,3e8809e95fde05760bfe07806f37f1b0e49da32f,a17c8d7670e04e7291ed66f725a1cf1c62064922,5,False,160.1718813982955
1317,3e8809e95fde05760bfe07806f37f1b0e49da32f,da48257d68626f1fc3b1bfdb7b8898adf1c9d31c,4,False,160.01321959121236
1319,3e8809e95fde05760bfe07806f37f1b0e49da32f,67961ea72e01ede3d9f94985468478c1f2e116c4,4,False,140.58742012049987
1325,3e8809e95fde05760bfe07806f37f1b0e49da32f,cc26364e66f9a6ae80bbb41f0023cc53780ad0a6,5,False,136.06415938401085
1347,532551ab6713a9fdab7c517401dd6d81b102c3dd,68cd87dc4e11543bd3d3aa05aae547cddcb3756b,6,False,127.41702015630163
1350,532551ab6713a9fdab7c517401dd6d81b102c3dd,16cd7a24d117f61da645fba1b4cc31839dff2805,4,False,112.30143029938415
1361,532551ab6713a9fdab7c517401dd6d81b102c3dd,df7c3e4896e24e78c46a5d62abb4c82e636bf26c,5,False,106.40176245126214
1365,532551ab6713a9fdab7c517401dd6d81b102c3dd,12b9019f99a315a137400389ee7c6faa4cceef35,11,False,130.50641650066018
1367,532551ab6713a9fdab7c517401dd6d81b102c3dd,2811534b332206223188687e214ebbde0f2f294d,6,False,120.19939680829204
1369,532551ab6713a9fdab7c517401dd6d81b102c3dd,5044cc06a0f4f7e57fa65b26a5deb42939c42dcd,4,False,114.42314460094462
1421,329705a255360c8f86a10d909a92794ed8a0857a,8fcbc38e7196b0dc8748f04cd6101e71f92c158e,8,False,112.53995891297899
1428,329705a255360c8f86a10d909a92794ed8a0857a,639357ad1158329920eeefddabe6ca1602eec486,4,False,123.19860909678479
1437,329705a255360c8f86a10d909a92794ed8a0857a,9f87a11a523e4680e61966e36ea2eac516096f23,6,False,142.04852209596606
1438,329705a255360c8f86a10d909a92794ed8a0857a,be01b49cec664c21e6789cc77d9c836e62cc3b99,6,False,74.59665222275535
1439,329705a255360c8f86a10d909a92794ed8a0857a,974bf001626115b669aa92f6851d02accd8b9f00,6,False,141.08535219364936
1441,329705a255360c8f86a10d909a92794ed8a0857a,d36efb9ad91e00faa334b549ce989bfae7e2907a,8,False,83.78409878785105
1442,329705a255360c8f86a10d909a92794ed8a0857a,9903c333828bbe06bd54b90e0e50d62f8f95b759,4,False,120.70560942591963
1443,329705a255360c8f86a10d909a92794ed8a0857a,86dd743c8408f216a3b40f47a9236872cd433423,6,False,116.32303473780021
1455,05b82cb6c29bdd29e2c067fb81006db8dd8b9097,f204c80c374772d66f28519795bd8929d0abf45a,6,False,143.7789530081307
1466,05b82cb6c29bdd29e2c067fb81006db8dd8b9097,246b9ed99e5b412051e50cfcd0c01bea5d183f59,5,False,114.51001807399004
1493,05b82cb6c29bdd29e2c067fb81006db8dd8b9097,21e47a5b98afa4c56844a18c117461dc6150956d,4,False,142.00453951156607
1496,05b82cb6c29bdd29e2c067fb81006db8dd8b9097,c2023aaa8b6e633176cc233867b501707f5de417,4,False,74.318862087573
1501,05b82cb6c29bdd29e2c067fb81006db8dd8b9097,11918df72cdbd53021e00a67bc5f83c16cee0395,4,False,132.26524446170498
1506,05b82cb6c29bdd29e2c067fb81006db8dd8b9097,89131b70047798e22701bf4f5be12cf44abfdc4f,4,False,105.15618939218017
1522,05b82cb6c29bdd29e2c067fb81006db8dd8b9097,3c6f34131ad83fda26a3d8ca9892a6705fd40d11,5,False,132.18277929863703
1592,2e744656a2a84ee576a03a51bc875f6b16616728,16cd7a24d117f61da645fba1b4cc31839dff2805,4,False,127.5899474803466
1654,2e744656a2a84ee576a03a51bc875f6b16616728,79be51d2b7086ddeb4de107b44fbccf452442b92,4,False,150.36892601077923
1681,2e744656a2a84ee576a03a51bc875f6b16616728,2fadaf7de123eb068a69dd7dfedb59ef85ee391b,4,False,152.51315355230867
1693,2e744656a2a84ee576a03a51bc875f6b16616728,12b9019f99a315a137400389ee7c6faa4cceef35,11,False,140.12007280228627
1768,3bf6af7c8b42a205e4c9efd247317f7c2105a7bc,16cd7a24d117f61da645fba1b4cc31839dff2805,4,False,150.83116549073276
1789,3bf6af7c8b42a205e4c9efd247317f7c2105a7bc,91bf62ef88c5f1308b060ae684923c8bf4db004a,4,False,145.479809889397
1803,3bf6af7c8b42a205e4c9efd247317f7c2105a7bc,79be51d2b7086ddeb4de107b44fbccf452442b92,4,False,146.61197549559859
1813,3bf6af7c8b42a205e4c9efd247317f7c2105a7bc,2fadaf7de123eb068a69dd7dfedb59ef85ee391b,4,False,159.92633550453849
1822,3bf6af7c8b42a205e4c9efd247317f7c2105a7bc,12b9019f99a315a137400389ee7c6faa4cceef35,11,False,160.79320570216368
1824,3bf6af7c8b42a205e4c9efd247317f7c2105a7bc,2811534b332206223188687e214ebbde0f2f294d,6,False,139.97500853668532
1852,462ebec7d0865d79a74e2b61b5758a4d51b96fbf,f204c80c374772d66f28519795bd8929d0abf45a,6,False,154.1155942165416
1858,462ebec7d0865d79a74e2b61b5758a4d51b96fbf,246b9ed99e5b412051e50cfcd0c01bea5d183f59,5,False,125.17520644445315
1866,462ebec7d0865d79a74e2b61b5758a4d51b96fbf,5c73166c626eb0fec0ff619cb532dbd71bbd6bfd,4,False,151.6487460990586
1869,462ebec7d0865d79a74e2b61b5758a4d51b96fbf,c2023aaa8b6e633176cc233867b501707f5de417,4,False,132.68744333912028
1871,462ebec7d0865d79a74e2b61b5758a4d51b96fbf,c9497871188157119a33aefb6fd556786a578596,5,False,157.3240496601372
1882,462ebec7d0865d79a74e2b61b5758a4d51b96fbf,89131b70047798e22701bf4f5be12cf44abfdc4f,4,False,85.36916869697455
1903,11cc9dd9e67a515bf612d2f75cc6b25e3be34d93,ce38b7a0143ecf6d0938eb9c5965934865d28f82,4,False,135.06004238656655
1919,11cc9dd9e67a515bf612d2f75cc6b25e3be34d93,bd1dad58964790cf2e0045b2bc2a07d275f37789,5,False,153.75047289908076
1921,11cc9dd9e67a515bf612d2f75cc6b25e3be34d93,00e9ad82a2bb18b94e15010de34ca470c684895c,6,False,143.22761255761344
1950,11cc9dd9e67a515bf612d2f75cc6b25e3be34d93,26cf1230a1042ae5b8570c221c079fc5b9a32b8b,4,False,158.20577120017467
1957,11cc9dd9e67a515bf612d2f75cc6b25e3be34d93,1f3b15c188ee8410c342f387e61ec571759dd287,6,False,152.0809654381806
1975,11cc9dd9e67a515bf612d2f75cc6b25e3be34d93,4977756d2f23c07292d8d7ca28098bcd5bdf3f89,4,False,137.40072856640833
1977,11cc9dd9e67a515bf612d2f75cc6b25e3be34d93,18ab02548f0bb37734e90388669b479578ea4550,6,False,141.91074791001395
1993,11cc9dd9e67a515bf612d2f75cc6b25e3be34d93,ebf5cb8e570a6995989db749592ace16bc3f5d2b,4,False,166.61914090621198
2002,641a9d87b9636d4ef2e353a569ddede68bd29131,329705a255360c8f86a10d909a92794ed8a0857a,5,False,130.51504646040576
2005,641a9d87b9636d4ef2e353a569ddede68bd29131,68cd87dc4e11543bd3d3aa05aae547cddcb3756b,6,False,143.33707011709404
2006,641a9d87b9636d4ef2e353a569ddede68bd29131,8fcbc38e7196b0dc8748f04cd6101e71f92c158e,8,False,179.7293826063587
2007,641a9d87b9636d4ef2e353a569ddede68bd29131,00e9ad82a2bb18b94e15010de34ca470c684895c,6,False,130.27157768480586
2008,641a9d87b9636d4ef2e353a569ddede68bd29131,f204c80c374772d66f28519795bd8929d0abf45a,6,False,144.3821611868106
2009,641a9d87b9636d4ef2e353a569ddede68bd29131,870138cbd639721270ccf1c360bad5f6d72f9a4a,4,False,122.09568941772216
2010,641a9d87b9636d4ef2e353a569ddede68bd29131,0ea24ffe3bee9faeeead947c6c7ab00c99f5ccf2,4,False,163.17348237721495
2012,641a9d87b9636d4ef2e353a569ddede68bd29131,2515e1a0c35376ebaedfd852a8f853443d0845a0,4,False,129.77199592258688
2013,641a9d87b9636d4ef2e353a569ddede68bd29131,393c5d7517fbcbdbcd1878d32af9f98c4414ac14,4,False,133.99146801795376
2014,641a9d87b9636d4ef2e353a569ddede68bd29131,615b73057d8b0ac9fb251db70264ee0e9131086c,4,False,137.91492827777282
2015,641a9d87b9636d4ef2e353a569ddede68bd29131,83030f1819e40215934231253d5629583cad23a8,4,False,134.57814899991894
2019,641a9d87b9636d4ef2e353a569ddede68bd29131,5c9529259e180dea589447d9b7414a998286e1c2,5,False,118.3291115495396
2021,641a9d87b9636d4ef2e353a569ddede68bd29131,71d51281ec16ac8feb5f22d04262858ba2cb9bc0,6,False,126.83667497773993
2022,641a9d87b9636d4ef2e353a569ddede68bd29131,3dabda9bee839bb5e39884e4bd7d08385e36d9b9,6,False,136.2221326714914
2023,641a9d87b9636d4ef2e353a569ddede68bd29131,9f87a11a523e4680e61966e36ea2eac516096f23,6,False,112.35383372630197
2026,641a9d87b9636d4ef2e353a569ddede68bd29131,cda1c82b9d48b5cc94ae5bda33e864d95b3053dd,4,False,131.20643709864964
2027,641a9d87b9636d4ef2e353a569ddede68bd29131,605402e235bd62437baf3c9ebefe77fb4d92ee95,9,False,145.04725091427883
2028,641a9d87b9636d4ef2e353a569ddede68bd29131,be01b49cec664c21e6789cc77d9c836e62cc3b99,6,False,79.20858380746965
2029,641a9d87b9636d4ef2e353a569ddede68bd29131,89794232987d3973109ba78327a4c989a6e4970b,4,False,153.46630674488145
2030,641a9d87b9636d4ef2e353a569ddede68bd29131,cc26364e66f9a6ae80bbb41f0023cc53780ad0a6,5,False,129.17580092013546
2031,641a9d87b9636d4ef2e353a569ddede68bd29131,974bf001626115b669aa92f6851d02accd8b9f00,6,False,117.51855879812992
2032,641a9d87b9636d4ef2e353a569ddede68bd29131,a320b5e679ea0aacefcf847386dd8ee790ac073b,7,False,110.12905418660159
2033,641a9d87b9636d4ef2e353a569ddede68bd29131,bd947b109a9803a390865ac8d1a7549504d452ca,4,False,138.88354203526478
2034,641a9d87b9636d4ef2e353a569ddede68bd29131,badb0516cf0ca095c4370a41795323e40e43372c,6,False,115.80620743642633
2035,641a9d87b9636d4ef2e353a569ddede68bd29131,5d203021cf91e4ed5aeffe4e3a7704814cbe6d48,6,False,114.19103552885346
2037,641a9d87b9636d4ef2e353a569ddede68bd29131,d36efb9ad91e00faa334b549ce989bfae7e2907a,8,False,92.4939739511805
2038,641a9d87b9636d4ef2e353a569ddede68bd29131,9903c333828bbe06bd54b90e0e50d62f8f95b759,4,False,95.6355359839546
2039,641a9d87b9636d4ef2e353a569ddede68bd29131,86dd743c8408f216a3b40f47a9236872cd433423,6,False,105.10706540818163
2040,641a9d87b9636d4ef2e353a569ddede68bd29131,667401fe63e5df61d127d8670a6dc63d049f3631,4,False,38.123512162411544
2048,7095f5c714c0c6ad877162ce30c2f376ebc5e269,ce38b7a0143ecf6d0938eb9c5965934865d28f82,4,False,153.79535070361902
2049,7095f5c714c0c6ad877162ce30c2f376ebc5e269,bd1dad58964790cf2e0045b2bc2a07d275f37789,5,False,163.02674400528193
2051,7095f5c714c0c6ad877162ce30c2f376ebc5e269,00e9ad82a2bb18b94e15010de34ca470c684895c,6,False,166.54364085873647
2066,7095f5c714c0c6ad877162ce30c2f376ebc5e269,1f3b15c188ee8410c342f387e61ec571759dd287,6,False,161.36649298273142
2072,7095f5c714c0c6ad877162ce30c2f376ebc5e269,18ab02548f0bb37734e90388669b479578ea4550,6,False,181.914580415693
2074,7095f5c714c0c6ad877162ce30c2f376ebc5e269,04282d7cc824dfc57582d8f3abc44afe7c58fc4c,5,False,154.85117043591512
2076,7095f5c714c0c6ad877162ce30c2f376ebc5e269,322ed43aace4914640ef1e1ee3a7e796f55e6606,5,False,153.40431876867268
2089,7095f5c714c0c6ad877162ce30c2f376ebc5e269,79fe558ea9e13f4bdbbd1c8ddef8e863c0839d80,5,False,159.3551142161516
2094,7095f5c714c0c6ad877162ce30c2f376ebc5e269,fe1f6a674cd1b7bb612b145bbb62eed61fbc9833,6,False,170.43200462489713
2112,ecf833c44f118533da76ffab57b0dae6bcb0be8f,7400f953e1b12888e857b67ff4fd60f4b15f259c,4,False,104.53757588856152
2138,ecf833c44f118533da76ffab57b0dae6bcb0be8f,615b73057d8b0ac9fb251db70264ee0e9131086c,4,False,146.9255685769554
2142,ecf833c44f118533da76ffab57b0dae6bcb0be8f,26cf1230a1042ae5b8570c221c079fc5b9a32b8b,4,False,133.50894870800713
2179,ecf833c44f118533da76ffab57b0dae6bcb0be8f,3dabda9bee839bb5e39884e4bd7d08385e36d9b9,6,False,140.35177135864453
2184,ecf833c44f118533da76ffab57b0dae6bcb0be8f,5420134076274d910cc2ac526f3e38af3de433da,4,False,145.98391013826745
2230,f3535820fdaee5ec472d1de8dcd48fecfea934cb,cfc63624984c37c5a5221ecccabf371f7b47c6e4,4,False,155.1739818984337
2238,f3535820fdaee5ec472d1de8dcd48fecfea934cb,a17c8d7670e04e7291ed66f725a1cf1c62064922,5,False,156.45750088317735
2345,f3535820fdaee5ec472d1de8dcd48fecfea934cb,f2757018aa230dba01d99f3a7917c202214580a5,4,False,145.70515009732085
2349,f3535820fdaee5ec472d1de8dcd48fecfea934cb,bbc066520903a94730bac1dbadfbca9e5b589c15,4,False,121.96238301796498
2370,eb96fc97bbae7b5653173293438e2f4682affd34,68cd87dc4e11543bd3d3aa05aae547cddcb3756b,6,False,147.79413689564876
2396,eb96fc97bbae7b5653173293438e2f4682affd34,91bf62ef88c5f1308b060ae684923c8bf4db004a,4,False,151.07120598743833
2400,eb96fc97bbae7b5653173293438e2f4682affd34,7cf137c73fbf3febc37570b2f74d1e034672a5db,5,False,159.98773835263387
2407,eb96fc97bbae7b5653173293438e2f4682affd34,5c73166c626eb0fec0ff619cb532dbd71bbd6bfd,4,False,157.77364022419218
2410,eb96fc97bbae7b5653173293438e2f4682affd34,12b9019f99a315a137400389ee7c6faa4cceef35,11,False,162.2474476293621
2479,162cf77bce9decc171163c1f7bfe5826099644c9,5420134076274d910cc2ac526f3e38af3de433da,4,False,134.66135311742624
2500,162cf77bce9decc171163c1f7bfe5826099644c9,3c6f34131ad83fda26a3d8ca9892a6705fd40d11,5,False,115.83683324914462
2541,19e9dab9d90cc52ef647e0cbc668371cf1f49214,21e47a5b98afa4c56844a18c117461dc6150956d,4,False,140.34269181892316
2573,19e9dab9d90cc52ef647e0cbc668371cf1f49214,3c6f34131ad83fda26a3d8ca9892a6705fd40d11,5,False,118.589770828498
2590,db7ababa8a1564b0525b56d576b0fa5d3a5c82a0,a17c8d7670e04e7291ed66f725a1cf1c62064922,5,False,157.65101606757378
2591,db7ababa8a1564b0525b56d576b0fa5d3a5c82a0,639357ad1158329920eeefddabe6ca1602eec486,4,False,138.70378276827128
2622,db7ababa8a1564b0525b56d576b0fa5d3a5c82a0,3dabda9bee839bb5e39884e4bd7d08385e36d9b9,6,False,133.1122234909128
2626,db7ababa8a1564b0525b56d576b0fa5d3a5c82a0,5420134076274d910cc2ac526f3e38af3de433da,4,False,149.61309368801875
2627,db7ababa8a1564b0525b56d576b0fa5d3a5c82a0,da48257d68626f1fc3b1bfdb7b8898adf1c9d31c,4,False,156.66155616460685
2643,68cd87dc4e11543bd3d3aa05aae547cddcb3756b,f204c80c374772d66f28519795bd8929d0abf45a,6,False,149.78647615952428
2650,68cd87dc4e11543bd3d3aa05aae547cddcb3756b,223383b780d574415fc8fc85078929011fa3f940,4,False,153.7380329398962
2651,68cd87dc4e11543bd3d3aa05aae547cddcb3756b,7cf137c73fbf3febc37570b2f74d1e034672a5db,5,False,149.250557931829
2655,68cd87dc4e11543bd3d3aa05aae547cddcb3756b,246b9ed99e5b412051e50cfcd0c01bea5d183f59,5,False,109.23548187608733
2668,68cd87dc4e11543bd3d3aa05aae547cddcb3756b,df7c3e4896e24e78c46a5d62abb4c82e636bf26c,5,False,135.824239114704
2686,68cd87dc4e11543bd3d3aa05aae547cddcb3756b,67961ea72e01ede3d9f94985468478c1f2e116c4,4,False,125.672331964699
2698,68cd87dc4e11543bd3d3aa05aae547cddcb3756b,89131b70047798e22701bf4f5be12cf44abfdc4f,4,False,82.33798825995117
2709,d5cc6b80627d3248e2aef363da01747f36cf95b1,16cd7a24d117f61da645fba1b4cc31839dff2805,4,False,142.33874759488833
2716,d5cc6b80627d3248e2aef363da01747f36cf95b1,91bf62ef88c5f1308b060ae684923c8bf4db004a,4,False,164.97882520485453
2722,d5cc6b80627d3248e2aef363da01747f36cf95b1,12b9019f99a315a137400389ee7c6faa4cceef35,11,False,156.74078716207563
2723,d5cc6b80627d3248e2aef363da01747f36cf95b1,2811534b332206223188687e214ebbde0f2f294d,6,False,162.09933574924497
2724,d5cc6b80627d3248e2aef363da01747f36cf95b1,8163c4ccfad54c63aa840b25a3a377f39001d2e4,4,False,142.33615462453244
2733,8fcbc38e7196b0dc8748f04cd6101e71f92c158e,870138cbd639721270ccf1c360bad5f6d72f9a4a,4,False,118.4809908652678
2736,8fcbc38e7196b0dc8748f04cd6101e71f92c158e,0ea24ffe3bee9faeeead947c6c7ab00c99f5ccf2,4,False,169.16365714706407
2739,8fcbc38e7196b0dc8748f04cd6101e71f92c158e,639357ad1158329920eeefddabe6ca1602eec486,4,False,135.26441478714523
2740,8fcbc38e7196b0dc8748f04cd6101e71f92c158e,5042cb5efad30f443adef472b8748e1b7bb0452f,8,False,149.70755099965805
2742,8fcbc38e7196b0dc8748f04cd6101e71f92c158e,2515e1a0c35376ebaedfd852a8f853443d0845a0,4,False,123.3515147639076
2744,8fcbc38e7196b0dc8748f04cd6101e71f92c158e,f2fe97e0f24c4a7dbb1fd8bce7f819740f8c57fd,4,False,136.46464158894415
2746,8fcbc38e7196b0dc8748f04cd6101e71f92c158e,393c5d7517fbcbdbcd1878d32af9f98c4414ac14,4,False,140.07672553396563
2758,8fcbc38e7196b0dc8748f04cd6101e71f92c158e,ee73f5f94b654d2da610e74e3ab0c6420826e8ea,6,False,147.6538686111901
2759,8fcbc38e7196b0dc8748f04cd6101e71f92c158e,71d51281ec16ac8feb5f22d04262858ba2cb9bc0,6,False,131.83990989299048
2760,8fcbc38e7196b0dc8748f04cd6101e71f92c158e,3dabda9bee839bb5e39884e4bd7d08385e36d9b9,6,False,145.6335361764197
2762,8fcbc38e7196b0dc8748f04cd6101e71f92c158e,0877cd35d860e0ff3220c8927178c8fd3d880348,4,False,132.31953733126932
2768,8fcbc38e7196b0dc8748f04cd6101e71f92c158e,3af40a20d8d39747a4f5658af2d495b5e41b5f57,5,False,146.40667451225852
2769,8fcbc38e7196b0dc8748f04cd6101e71f92c158e,8012c4a1e2ca663f1a04e80cbb19631a00cbab27,7,False,136.37177894121015
2770,8fcbc38e7196b0dc8748f04cd6101e71f92c158e,1d7d0e8c4791700defd4b0df82a26b50055346e0,6,False,118.48116334739865
2771,8fcbc38e7196b0dc8748f04cd6101e71f92c158e,605402e235bd62437baf3c9ebefe77fb4d92ee95,9,False,134.2956480449907
2772,8fcbc38e7196b0dc8748f04cd6101e71f92c158e,6dd01cd9c17d1491ead8c9f97597fbc61dead8ea,4,False,119.48709992312345
2779,8fcbc38e7196b0dc8748f04cd6101e71f92c158e,974bf001626115b669aa92f6851d02accd8b9f00,6,False,107.5535563603627
2780,8fcbc38e7196b0dc8748f04cd6101e71f92c158e,a320b5e679ea0aacefcf847386dd8ee790ac073b,7,False,117.8468658406775
2781,8fcbc38e7196b0dc8748f04cd6101e71f92c158e,bd947b109a9803a390865ac8d1a7549504d452ca,4,False,147.96494676032273
2785,8fcbc38e7196b0dc8748f04cd6101e71f92c158e,c034f8ce0898388419ced7b701485eb46cd4717e,5,False,127.03928116364294
2786,8fcbc38e7196b0dc8748f04cd6101e71f92c158e,badb0516cf0ca095c4370a41795323e40e43372c,6,False,118.87824659357744
2788,8fcbc38e7196b0dc8748f04cd6101e71f92c158e,5d203021cf91e4ed5aeffe4e3a7704814cbe6d48,6,False,126.92580012732844
2789,8fcbc38e7196b0dc8748f04cd6101e71f92c158e,d36efb9ad91e00faa334b549ce989bfae7e2907a,8,False,82.86293150547212
2791,8fcbc38e7196b0dc8748f04cd6101e71f92c158e,86dd743c8408f216a3b40f47a9236872cd433423,6,False,96.85355577265807
2792,8fcbc38e7196b0dc8748f04cd6101e71f92c158e,667401fe63e5df61d127d8670a6dc63d049f3631,4,False,31.403872716615776
2798,1d10010ea7af43d59e1909d27e4e0e987264c667,223383b780d574415fc8fc85078929011fa3f940,4,False,155.7274786650118
2800,1d10010ea7af43d59e1909d27e4e0e987264c667,7cf137c73fbf3febc37570b2f74d1e034672a5db,5,False,135.81274051230088
2822,3500d8d44c28c316970d857b665fb42b100049c7,f204c80c374772d66f28519795bd8929d0abf45a,6,False,157.23144218013684
2830,3500d8d44c28c316970d857b665fb42b100049c7,5042cb5efad30f443adef472b8748e1b7bb0452f,8,False,152.3981393588941
2843,3500d8d44c28c316970d857b665fb42b100049c7,246b9ed99e5b412051e50cfcd0c01bea5d183f59,5,False,124.56616539160323
2853,3500d8d44c28c316970d857b665fb42b100049c7,5c73166c626eb0fec0ff619cb532dbd71bbd6bfd,4,False,159.78929388803678
2858,3500d8d44c28c316970d857b665fb42b100049c7,c2023aaa8b6e633176cc233867b501707f5de417,4,False,117.54390198343181
2860,3500d8d44c28c316970d857b665fb42b100049c7,c9497871188157119a33aefb6fd556786a578596,5,False,139.79278118018397
2863,3500d8d44c28c316970d857b665fb42b100049c7,a98b48c6746c9da9759badfcdf2870bc56697642,5,False,140.34332352035105
2866,3500d8d44c28c316970d857b665fb42b100049c7,70ef29e6f0ce082bb8a47fd85b9bfb7cc0f20c93,5,False,123.39846649983014
2871,59d75224e55301b550b30384d63fc824b3919f4c,5ec9085288eb89a66171a12b0ee5872955425ea0,4,False,148.6532178834497
2874,59d75224e55301b550b30384d63fc824b3919f4c,4977756d2f23c07292d8d7ca28098bcd5bdf3f89,4,False,143.94875829871364
2892,59d75224e55301b550b30384d63fc824b3919f4c,f2757018aa230dba01d99f3a7917c202214580a5,4,False,139.9829582203891
2904,59d75224e55301b550b30384d63fc824b3919f4c,ff0adecc1a8bc5c16c0584390f42be9e1cb5ee9c,5,False,140.54945073033915
2908,59d75224e55301b550b30384d63fc824b3919f4c,76361a44e145732a39dbc68d9418871038c83be2,4,False,126.58745559535171
3038,870138cbd639721270ccf1c360bad5f6d72f9a4a,5042cb5efad30f443adef472b8748e1b7bb0452f,8,False,144.16219120912172
3048,870138cbd639721270ccf1c360bad5f6d72f9a4a,f2fe97e0f24c4a7dbb1fd8bce7f819740f8c57fd,4,False,136.09779920344732
3055,870138cbd639721270ccf1c360bad5f6d72f9a4a,223383b780d574415fc8fc85078929011fa3f940,4,False,117.27716584587536
3061,870138cbd639721270ccf1c360bad5f6d72f9a4a,246b9ed99e5b412051e50cfcd0c01bea5d183f59,5,False,131.57934997416194
3097,870138cbd639721270ccf1c360bad5f6d72f9a4a,5c73166c626eb0fec0ff619cb532dbd71bbd6bfd,4,False,115.71790023125708
3116,870138cbd639721270ccf1c360bad5f6d72f9a4a,c9497871188157119a33aefb6fd556786a578596,5,False,106.1110547699463
3125,870138cbd639721270ccf1c360bad5f6d72f9a4a,605402e235bd62437baf3c9ebefe77fb4d92ee95,9,False,126.95866470058394
3138,870138cbd639721270ccf1c360bad5f6d72f9a4a,89131b70047798e22701bf4f5be12cf44abfdc4f,4,False,100.94552366036311
3143,870138cbd639721270ccf1c360bad5f6d72f9a4a,70ef29e6f0ce082bb8a47fd85b9bfb7cc0f20c93,5,False,103.06660735122072
3149,870138cbd639721270ccf1c360bad5f6d72f9a4a,667401fe63e5df61d127d8670a6dc63d049f3631,4,False,34.8838883416114
3181,0473a64f61a47be428b05a42c590e78da86c18d5,8012c4a1e2ca663f1a04e80cbb19631a00cbab27,7,False,113.86494131117637
3187,5042cb5efad30f443adef472b8748e1b7bb0452f,2515e1a0c35376ebaedfd852a8f853443d0845a0,4,False,156.34158356638298
3188,5042cb5efad30f443adef472b8748e1b7bb0452f,f2fe97e0f24c4a7dbb1fd8bce7f819740f8c57fd,4,False,152.72086152012204
3201,5042cb5efad30f443adef472b8748e1b7bb0452f,5ec9085288eb89a66171a12b0ee5872955425ea0,4,False,151.49424492761375
3208,5042cb5efad30f443adef472b8748e1b7bb0452f,ee73f5f94b654d2da610e74e3ab0c6420826e8ea,6,False,158.08581018199973
3225,5042cb5efad30f443adef472b8748e1b7bb0452f,605402e235bd62437baf3c9ebefe77fb4d92ee95,9,False,128.68962130122972
3226,5042cb5efad30f443adef472b8748e1b7bb0452f,6dd01cd9c17d1491ead8c9f97597fbc61dead8ea,4,False,118.90277233901136
3229,5042cb5efad30f443adef472b8748e1b7bb0452f,79fe558ea9e13f4bdbbd1c8ddef8e863c0839d80,5,False,145.36333719486504
3295,91bf62ef88c5f1308b060ae684923c8bf4db004a,26cf1230a1042ae5b8570c221c079fc5b9a32b8b,4,False,126.90902291261337
3297,91bf62ef88c5f1308b060ae684923c8bf4db004a,79be51d2b7086ddeb4de107b44fbccf452442b92,4,False,159.1222662035072
3300,91bf62ef88c5f1308b060ae684923c8bf4db004a,2fadaf7de123eb068a69dd7dfedb59ef85ee391b,4,False,140.46870416004074
3303,91bf62ef88c5f1308b060ae684923c8bf4db004a,12b9019f99a315a137400389ee7c6faa4cceef35,11,False,154.94740473141425
3304,91bf62ef88c5f1308b060ae684923c8bf4db004a,2811534b332206223188687e214ebbde0f2f294d,6,False,138.25849607435762
3305,91bf62ef88c5f1308b060ae684923c8bf4db004a,8163c4ccfad54c63aa840b25a3a377f39001d2e4,4,False,135.39879376652928
3322,ef5766431999a128101a1373f079916ad104230f,8fb91a57bf518b3cd4b264a6000aa0048e2c3941,4,False,121.44588672036005
3406,ef5766431999a128101a1373f079916ad104230f,1f3b15c188ee8410c342f387e61ec571759dd287,6,False,106.52846877508138
3483,ef5766431999a128101a1373f079916ad104230f,5ec9085288eb89a66171a12b0ee5872955425ea0,4,False,141.04894636081502
3492,ef5766431999a128101a1373f079916ad104230f,18ab02548f0bb37734e90388669b479578ea4550,6,False,112.19232868261943
3514,ef5766431999a128101a1373f079916ad104230f,322ed43aace4914640ef1e1ee3a7e796f55e6606,5,False,125.09854727548293
3572,ef5766431999a128101a1373f079916ad104230f,ebf5cb8e570a6995989db749592ace16bc3f5d2b,4,False,138.3837759589332
3766,f2fe97e0f24c4a7dbb1fd8bce7f819740f8c57fd,ee73f5f94b654d2da610e74e3ab0c6420826e8ea,6,False,155.60715645103315
3776,f2fe97e0f24c4a7dbb1fd8bce7f819740f8c57fd,70ef29e6f0ce082bb8a47fd85b9bfb7cc0f20c93,5,False,76.45104744417281
3785,1c5e37e86f2a45d85a5ed96483fe08369e5b7d9e,79be51d2b7086ddeb4de107b44fbccf452442b92,4,False,140.15248215890378
3797,1c5e37e86f2a45d85a5ed96483fe08369e5b7d9e,df7c3e4896e24e78c46a5d62abb4c82e636bf26c,5,False,124.93295777691111
3798,1c5e37e86f2a45d85a5ed96483fe08369e5b7d9e,5c9529259e180dea589447d9b7414a998286e1c2,5,False,105.59365995991486
3807,1c5e37e86f2a45d85a5ed96483fe08369e5b7d9e,12b9019f99a315a137400389ee7c6faa4cceef35,11,False,134.80921904396993
3816,1c5e37e86f2a45d85a5ed96483fe08369e5b7d9e,5044cc06a0f4f7e57fa65b26a5deb42939c42dcd,4,False,114.52556816153239
3823,1c5e37e86f2a45d85a5ed96483fe08369e5b7d9e,bbc066520903a94730bac1dbadfbca9e5b589c15,4,False,109.86227502183613
3843,7cf137c73fbf3febc37570b2f74d1e034672a5db,223383b780d574415fc8fc85078929011fa3f940,4,False,147.61295862546646
3873,7cf137c73fbf3febc37570b2f74d1e034672a5db,2fadaf7de123eb068a69dd7dfedb59ef85ee391b,4,False,134.512097124651
3875,7cf137c73fbf3febc37570b2f74d1e034672a5db,df7c3e4896e24e78c46a5d62abb4c82e636bf26c,5,False,148.47180791512665
3885,7cf137c73fbf3febc37570b2f74d1e034672a5db,12b9019f99a315a137400389ee7c6faa4cceef35,11,False,149.32556387488333
3889,7cf137c73fbf3febc37570b2f74d1e034672a5db,2811534b332206223188687e214ebbde0f2f294d,6,False,147.40316443007953
3894,7cf137c73fbf3febc37570b2f74d1e034672a5db,5044cc06a0f4f7e57fa65b26a5deb42939c42dcd,4,False,125.43818330798995
3900,7cf137c73fbf3febc37570b2f74d1e034672a5db,8163c4ccfad54c63aa840b25a3a377f39001d2e4,4,False,125.26341006853214
3904,7cf137c73fbf3febc37570b2f74d1e034672a5db,bbc066520903a94730bac1dbadfbca9e5b589c15,4,False,142.91852787818416
3985,d127b36e1c7110ae8d40b5691c011bac1992b472,a320b5e679ea0aacefcf847386dd8ee790ac073b,7,False,102.2184173733135
4015,83030f1819e40215934231253d5629583cad23a8,18ab02548f0bb37734e90388669b479578ea4550,6,False,156.1720389128736
4023,83030f1819e40215934231253d5629583cad23a8,04282d7cc824dfc57582d8f3abc44afe7c58fc4c,5,False,159.75723022100303
4025,83030f1819e40215934231253d5629583cad23a8,322ed43aace4914640ef1e1ee3a7e796f55e6606,5,False,156.3707717999196
4057,83030f1819e40215934231253d5629583cad23a8,79fe558ea9e13f4bdbbd1c8ddef8e863c0839d80,5,False,152.0820450535343
4059,83030f1819e40215934231253d5629583cad23a8,86876c68d05af50330d07ee10790ddcf6578c7d9,5,False,154.18011865308523
4074,83030f1819e40215934231253d5629583cad23a8,5d203021cf91e4ed5aeffe4e3a7704814cbe6d48,6,False,139.03156688691428
4142,960569fbe39644a2d5db5ce87c19474b409d1cf6,12b9019f99a315a137400389ee7c6faa4cceef35,11,False,118.55059679635272
4173,e2a3937c8815df556bdd605f91311e889045477b,8012c4a1e2ca663f1a04e80cbb19631a00cbab27,7,False,138.88350765377788
4174,e2a3937c8815df556bdd605f91311e889045477b,1d7d0e8c4791700defd4b0df82a26b50055346e0,6,False,124.98009543450448
4175,e2a3937c8815df556bdd605f91311e889045477b,605402e235bd62437baf3c9ebefe77fb4d92ee95,9,False,129.93632458904415
4194,27aa2a3254c6049e13724e744ab87ce57764486d,da48257d68626f1fc3b1bfdb7b8898adf1c9d31c,4,False,156.93259944021437
4197,27aa2a3254c6049e13724e744ab87ce57764486d,ebf5cb8e570a6995989db749592ace16bc3f5d2b,4,False,160.66436730213712
4219,27aa2a3254c6049e13724e744ab87ce57764486d,ff0adecc1a8bc5c16c0584390f42be9e1cb5ee9c,5,False,147.94593359055818
4230,30755a7614148f1acf5edca72385832410c7c33a,9f87a11a523e4680e61966e36ea2eac516096f23,6,False,126.75845196264342
4246,30755a7614148f1acf5edca72385832410c7c33a,1d7d0e8c4791700defd4b0df82a26b50055346e0,6,False,141.71289137874024
4255,30755a7614148f1acf5edca72385832410c7c33a,70ef29e6f0ce082bb8a47fd85b9bfb7cc0f20c93,5,False,95.22607763201572
4265,30755a7614148f1acf5edca72385832410c7c33a,d36efb9ad91e00faa334b549ce989bfae7e2907a,8,False,79.2010744106741
4279,df7c3e4896e24e78c46a5d62abb4c82e636bf26c,12b9019f99a315a137400389ee7c6faa4cceef35,11,False,136.74885384651122
4283,df7c3e4896e24e78c46a5d62abb4c82e636bf26c,2811534b332206223188687e214ebbde0f2f294d,6,False,148.3538521144773
4292,df7c3e4896e24e78c46a5d62abb4c82e636bf26c,5044cc06a0f4f7e57fa65b26a5deb42939c42dcd,4,False,159.90295672780132
4297,df7c3e4896e24e78c46a5d62abb4c82e636bf26c,bbc066520903a94730bac1dbadfbca9e5b589c15,4,False,147.01368759085787
4333,5cd13cdcb735b29821b463c33e4dd220899fc7f8,ff0adecc1a8bc5c16c0584390f42be9e1cb5ee9c,5,False,144.9122843309385
4339,5cd13cdcb735b29821b463c33e4dd220899fc7f8,fe1f6a674cd1b7bb612b145bbb62eed61fbc9833,6,False,157.14654752429615
4346,5cd13cdcb735b29821b463c33e4dd220899fc7f8,76361a44e145732a39dbc68d9418871038c83be2,4,False,160.83079626426016
4368,71d51281ec16ac8feb5f22d04262858ba2cb9bc0,0877cd35d860e0ff3220c8927178c8fd3d880348,4,False,114.71813486769969
4426,3dabda9bee839bb5e39884e4bd7d08385e36d9b9,3af40a20d8d39747a4f5658af2d495b5e41b5f57,5,False,151.8278931823963
4532,3dabda9bee839bb5e39884e4bd7d08385e36d9b9,fe1f6a674cd1b7bb612b145bbb62eed61fbc9833,6,False,135.92967578818798
4596,9f87a11a523e4680e61966e36ea2eac516096f23,d36efb9ad91e00faa334b549ce989bfae7e2907a,8,False,93.39837755206244
4601,c2023aaa8b6e633176cc233867b501707f5de417,c9497871188157119a33aefb6fd556786a578596,5,False,141.53457627278
4622,c2023aaa8b6e633176cc233867b501707f5de417,d36efb9ad91e00faa334b549ce989bfae7e2907a,8,False,78.98803732020458
4631,3ae4c114bac244e5f20b9061ada3f4248e815139,f2757018aa230dba01d99f3a7917c202214580a5,4,False,152.56431570501178
4651,3af40a20d8d39747a4f5658af2d495b5e41b5f57,86876c68d05af50330d07ee10790ddcf6578c7d9,5,False,168.37889916224333
4688,9d25b53735c3078a34c3c2ed4fe1193a81ed0e82,67961ea72e01ede3d9f94985468478c1f2e116c4,4,False,121.16789575587619
4690,9d25b53735c3078a34c3c2ed4fe1193a81ed0e82,a98b48c6746c9da9759badfcdf2870bc56697642,5,False,177.50586786857662
4695,9d25b53735c3078a34c3c2ed4fe1193a81ed0e82,11918df72cdbd53021e00a67bc5f83c16cee0395,4,False,143.6259484474007
4734,8012c4a1e2ca663f1a04e80cbb19631a00cbab27,1d7d0e8c4791700defd4b0df82a26b50055346e0,6,False,132.02092285725774
4735,8012c4a1e2ca663f1a04e80cbb19631a00cbab27,6dd01cd9c17d1491ead8c9f97597fbc61dead8ea,4,False,112.5821161821167
4819,cda1c82b9d48b5cc94ae5bda33e864d95b3053dd,8163c4ccfad54c63aa840b25a3a377f39001d2e4,4,False,129.2246756707263
4837,605402e235bd62437baf3c9ebefe77fb4d92ee95,6dd01cd9c17d1491ead8c9f97597fbc61dead8ea,4,False,119.4445737494407
4849,605402e235bd62437baf3c9ebefe77fb4d92ee95,70ef29e6f0ce082bb8a47fd85b9bfb7cc0f20c93,5,False,97.14481763316903
4854,605402e235bd62437baf3c9ebefe77fb4d92ee95,d36efb9ad91e00faa334b549ce989bfae7e2907a,8,False,71.1976609204389
4855,605402e235bd62437baf3c9ebefe77fb4d92ee95,667401fe63e5df61d127d8670a6dc63d049f3631,4,False,34.45286361633644
4872,38e298647030ab32b7be33b44951d7e54cfb8091,ff0adecc1a8bc5c16c0584390f42be9e1cb5ee9c,5,False,147.967853904836
4882,89794232987d3973109ba78327a4c989a6e4970b,cc26364e66f9a6ae80bbb41f0023cc53780ad0a6,5,False,145.7574114160864
4992,974bf001626115b669aa92f6851d02accd8b9f00,9903c333828bbe06bd54b90e0e50d62f8f95b759,4,False,123.99856269581436
4998,974bf001626115b669aa92f6851d02accd8b9f00,86dd743c8408f216a3b40f47a9236872cd433423,6,False,132.4389074115822
5028,a320b5e679ea0aacefcf847386dd8ee790ac073b,c034f8ce0898388419ced7b701485eb46cd4717e,5,False,129.70728062235045
5040,a320b5e679ea0aacefcf847386dd8ee790ac073b,5d203021cf91e4ed5aeffe4e3a7704814cbe6d48,6,False,117.34089916033736
5108,9f22cf81654dd50b95e65b86b1125cfe6803a67b,3c6f34131ad83fda26a3d8ca9892a6705fd40d11,5,False,127.90618719341202
5146,60944c5243db70a687a320a2622d3bd1610802a8,3c6f34131ad83fda26a3d8ca9892a6705fd40d11,5,False,108.38265474609663
