,referencing,referenced,total_refs,direct_ref
0,cdb6eb518f6ec868e2394f24ee48926b859518b5,37c70abd2d61ec7f20cd9f9c801ecad00e6bbb7a,1,True
1,cdb6eb518f6ec868e2394f24ee48926b859518b5,76fd60c0ec0030080bd36a23244fe870d443a03a,2,True
2,cdb6eb518f6ec868e2394f24ee48926b859518b5,bbb3d9fcc276837d6d4497a88cb0be43b4aff217,2,True
3,cdb6eb518f6ec868e2394f24ee48926b859518b5,51712091e5cc2f703e852b3c07bae970d7cdefe4,1,True
4,cdb6eb518f6ec868e2394f24ee48926b859518b5,532b585edb31f3843c90ff5c26a4e286ac248cf7,2,True
5,cdb6eb518f6ec868e2394f24ee48926b859518b5,2ac7512497a2289f7fc543d39eb5eec7d48468a9,1,True
6,cdb6eb518f6ec868e2394f24ee48926b859518b5,fd9e48c5cd04fec2823d99ef06c462985d3b2eb7,1,True
7,cdb6eb518f6ec868e2394f24ee48926b859518b5,e7a922049a9bf54a0b13cd1d475a58e36c7c9b3e,1,True
8,cdb6eb518f6ec868e2394f24ee48926b859518b5,3e14b8c206eceacd40c782b63c9581e3c99a5adb,1,True
9,cdb6eb518f6ec868e2394f24ee48926b859518b5,4a01cfe2c5b312ad8bcd791513056b2bcbc84549,1,True
10,cdb6eb518f6ec868e2394f24ee48926b859518b5,4332bf95aa520b515b6de4e50f47e988e45bccd6,4,True
11,cdb6eb518f6ec868e2394f24ee48926b859518b5,155a9d63259f34942860f0393a306070d9664442,5,True
12,cdb6eb518f6ec868e2394f24ee48926b859518b5,e399fb094628f8e8ccd5cb773cc167eab811c004,1,True
13,cdb6eb518f6ec868e2394f24ee48926b859518b5,47b4e322fc8f6339ec96fa02806e52d6a121020a,1,True
14,cdb6eb518f6ec868e2394f24ee48926b859518b5,030938cd7880fd9290b90f997e78937a87383c94,2,True
15,cdb6eb518f6ec868e2394f24ee48926b859518b5,8b0a4d41ee469547163ea154ad2b522d6d335671,8,True
16,cdb6eb518f6ec868e2394f24ee48926b859518b5,ea7a556db3ddfc859e33293063ca7911e3b77da5,2,True
17,cdb6eb518f6ec868e2394f24ee48926b859518b5,341ea24cc5456da43c0c0b8d1a6e362b31815d8f,4,True
18,cdb6eb518f6ec868e2394f24ee48926b859518b5,ea35d133e37f1fc1339999175970d2795dfe99da,3,True
19,cdb6eb518f6ec868e2394f24ee48926b859518b5,9dd8d17a17c9d23572fa90d819a9388a7faa49ed,3,True
20,cdb6eb518f6ec868e2394f24ee48926b859518b5,a4c8b73f5add658a08562e920ed458f96d105179,5,True
21,cdb6eb518f6ec868e2394f24ee48926b859518b5,c7884360037cb59d27ec25f8a3f00f2d95509066,6,True
22,cdb6eb518f6ec868e2394f24ee48926b859518b5,c0d7e39bc35f2cc22ba27a2f1f749a8f0212bcdf,10,True
23,cdb6eb518f6ec868e2394f24ee48926b859518b5,f81f91081ebb79389017ba768d76124d6ca3fa58,2,True
24,cdb6eb518f6ec868e2394f24ee48926b859518b5,8b2dd5c61b23ead5ae5508bb8ce808b5ea266730,1,True
25,cdb6eb518f6ec868e2394f24ee48926b859518b5,4f5769d9fac7e94afedd86eb0967b1977a5e8626,10,True
26,cdb6eb518f6ec868e2394f24ee48926b859518b5,73abb99b81129553805bd0f396cbea7e78736f97,1,True
27,cdb6eb518f6ec868e2394f24ee48926b859518b5,7101fcf288d6ee1452e374f4f20b8e6ab6af7af6,1,True
28,cdb6eb518f6ec868e2394f24ee48926b859518b5,58d92d220381a733b92c35ae737d1d2aa3601eef,1,True
29,cdb6eb518f6ec868e2394f24ee48926b859518b5,1bb49c3de3b09c196879fd57fc10daec33ad129b,4,True
30,cdb6eb518f6ec868e2394f24ee48926b859518b5,8753ddc0457a311e4118849afe84af93edee453d,2,True
31,cdb6eb518f6ec868e2394f24ee48926b859518b5,0965a50373ff2e38a05a3646867890d5f1069ae9,6,True
32,cdb6eb518f6ec868e2394f24ee48926b859518b5,6741f91a5b72c7adc706bd629bc9323a6971259f,6,True
33,cdb6eb518f6ec868e2394f24ee48926b859518b5,f3747d72af6c12c49e1fec4ba8fe65bcd9d25d05,4,True
34,cdb6eb518f6ec868e2394f24ee48926b859518b5,1ebd8d2863b23a90a36985f9a25c5d431e39612c,19,True
35,cdb6eb518f6ec868e2394f24ee48926b859518b5,ce24ce6fd4032f3b51fd42dfc5b323aee3d2a003,1,True
36,cdb6eb518f6ec868e2394f24ee48926b859518b5,cea4fb5e46aee36ff77ac5d4f0014cd8cb1bee30,9,True
37,cdb6eb518f6ec868e2394f24ee48926b859518b5,53f7e55e05999c34610e8d26227ba64c08a0f4ff,14,True
38,cdb6eb518f6ec868e2394f24ee48926b859518b5,3a71cb2b09f680fda2d34630af479ee0a2ca496e,1,True
39,cdb6eb518f6ec868e2394f24ee48926b859518b5,856e2c985825d055ec619a4ac9bf408182fd35a8,4,True
40,cdb6eb518f6ec868e2394f24ee48926b859518b5,ab73e70e7421d3aff7e8e6e01e32e486a0326d13,4,True
41,cdb6eb518f6ec868e2394f24ee48926b859518b5,148316b20fabdda8f3d0795c07ebb12986dd59da,8,True
42,cdb6eb518f6ec868e2394f24ee48926b859518b5,f44f4aa70c1220129cb923375e49e3be601519bf,3,True
43,cdb6eb518f6ec868e2394f24ee48926b859518b5,016cf2a0b396d8579ac0338081ad34017599c9b1,2,True
44,cdb6eb518f6ec868e2394f24ee48926b859518b5,353707814a5cfef499faf355665e739bc1d64218,2,True
45,cdb6eb518f6ec868e2394f24ee48926b859518b5,0c1c4b3b78e54381e1a1011843ffa1924af2da83,7,True
46,cdb6eb518f6ec868e2394f24ee48926b859518b5,06c96247409eab28ad23fe599fc1502466fb0f60,2,True
47,cdb6eb518f6ec868e2394f24ee48926b859518b5,e6ca6c5186c48c1175ed8ec51ad80118da02a35b,2,True
48,37c70abd2d61ec7f20cd9f9c801ecad00e6bbb7a,689bfbdfda79e347815c3d2f9c0b80e16ff49cf5,4,False
49,37c70abd2d61ec7f20cd9f9c801ecad00e6bbb7a,4332bf95aa520b515b6de4e50f47e988e45bccd6,4,False
50,37c70abd2d61ec7f20cd9f9c801ecad00e6bbb7a,155a9d63259f34942860f0393a306070d9664442,5,False
52,37c70abd2d61ec7f20cd9f9c801ecad00e6bbb7a,8b0a4d41ee469547163ea154ad2b522d6d335671,8,False
55,37c70abd2d61ec7f20cd9f9c801ecad00e6bbb7a,3c0e5eb7e999d9587875b74f2bde665bca57fec2,4,False
56,37c70abd2d61ec7f20cd9f9c801ecad00e6bbb7a,eb164d4c1bd95012bc66831a4319d98197737334,6,False
61,37c70abd2d61ec7f20cd9f9c801ecad00e6bbb7a,a4c8b73f5add658a08562e920ed458f96d105179,5,False
62,37c70abd2d61ec7f20cd9f9c801ecad00e6bbb7a,c0d7e39bc35f2cc22ba27a2f1f749a8f0212bcdf,10,False
64,37c70abd2d61ec7f20cd9f9c801ecad00e6bbb7a,15b74acde54afc09f8401ef1d660380c2db2a7e3,5,False
65,37c70abd2d61ec7f20cd9f9c801ecad00e6bbb7a,1c5a74d5124a5ca91986f8991a924b53e523e08c,4,False
68,37c70abd2d61ec7f20cd9f9c801ecad00e6bbb7a,4f5769d9fac7e94afedd86eb0967b1977a5e8626,10,False
73,37c70abd2d61ec7f20cd9f9c801ecad00e6bbb7a,f5da5560d924b846c4035ad4112c32d1ad704819,8,False
81,37c70abd2d61ec7f20cd9f9c801ecad00e6bbb7a,a68ec9a74fdae7dae859e27fb711bc3c335a0d86,6,False
83,37c70abd2d61ec7f20cd9f9c801ecad00e6bbb7a,1ebd8d2863b23a90a36985f9a25c5d431e39612c,19,False
85,37c70abd2d61ec7f20cd9f9c801ecad00e6bbb7a,4c940c7726ddd513e95d808442a77396d71e9f07,8,False
86,37c70abd2d61ec7f20cd9f9c801ecad00e6bbb7a,cea4fb5e46aee36ff77ac5d4f0014cd8cb1bee30,9,False
87,37c70abd2d61ec7f20cd9f9c801ecad00e6bbb7a,f8cdc12946a1c7ce157eeba4ae899907ebad7095,4,False
89,37c70abd2d61ec7f20cd9f9c801ecad00e6bbb7a,148316b20fabdda8f3d0795c07ebb12986dd59da,8,False
95,37c70abd2d61ec7f20cd9f9c801ecad00e6bbb7a,601273c37a9670f00234f7e7092bb673e7c0b25c,6,False
99,76fd60c0ec0030080bd36a23244fe870d443a03a,689bfbdfda79e347815c3d2f9c0b80e16ff49cf5,4,False
100,76fd60c0ec0030080bd36a23244fe870d443a03a,155a9d63259f34942860f0393a306070d9664442,5,False
105,76fd60c0ec0030080bd36a23244fe870d443a03a,8b0a4d41ee469547163ea154ad2b522d6d335671,8,False
107,76fd60c0ec0030080bd36a23244fe870d443a03a,341ea24cc5456da43c0c0b8d1a6e362b31815d8f,4,False
109,76fd60c0ec0030080bd36a23244fe870d443a03a,3c0e5eb7e999d9587875b74f2bde665bca57fec2,4,False
110,76fd60c0ec0030080bd36a23244fe870d443a03a,4f2f078bcabca17203f98842c5e7912d63f451ab,4,False
112,76fd60c0ec0030080bd36a23244fe870d443a03a,eb164d4c1bd95012bc66831a4319d98197737334,6,False
114,76fd60c0ec0030080bd36a23244fe870d443a03a,a4c8b73f5add658a08562e920ed458f96d105179,5,False
115,76fd60c0ec0030080bd36a23244fe870d443a03a,894d1a656c40c75c868b5cdf9e477e93a33d350f,4,False
116,76fd60c0ec0030080bd36a23244fe870d443a03a,5b682fc17f58f16893072f8cb7fdb70f0d7378fb,5,False
117,76fd60c0ec0030080bd36a23244fe870d443a03a,c7884360037cb59d27ec25f8a3f00f2d95509066,6,False
118,76fd60c0ec0030080bd36a23244fe870d443a03a,c0d7e39bc35f2cc22ba27a2f1f749a8f0212bcdf,10,False
120,76fd60c0ec0030080bd36a23244fe870d443a03a,7e534389bf18a62353aab3cb58036c2047bdbf6e,4,False
122,76fd60c0ec0030080bd36a23244fe870d443a03a,4f5769d9fac7e94afedd86eb0967b1977a5e8626,10,False
125,76fd60c0ec0030080bd36a23244fe870d443a03a,d622f56d27f77d1211cfde5ca6c3141b0712b0aa,4,False
126,76fd60c0ec0030080bd36a23244fe870d443a03a,6eed89627a55044632728daca81da33384bd5e15,4,False
127,76fd60c0ec0030080bd36a23244fe870d443a03a,957f63a28e333648997257a12a4d211dfdf9fb15,4,False
130,76fd60c0ec0030080bd36a23244fe870d443a03a,6face220d6a1b46a9b593c441a2076dd3837044e,4,False
134,76fd60c0ec0030080bd36a23244fe870d443a03a,0965a50373ff2e38a05a3646867890d5f1069ae9,6,False
135,76fd60c0ec0030080bd36a23244fe870d443a03a,a68ec9a74fdae7dae859e27fb711bc3c335a0d86,6,False
136,76fd60c0ec0030080bd36a23244fe870d443a03a,b689d344502419f656d482bd186a5ee6b0140891,7,False
137,76fd60c0ec0030080bd36a23244fe870d443a03a,8d39c4a23bcecc6977ae98e14005aebbc886aa39,5,False
138,76fd60c0ec0030080bd36a23244fe870d443a03a,d7a3efa99a71c3341552de3eb0db078dac368fd5,5,False
140,76fd60c0ec0030080bd36a23244fe870d443a03a,6741f91a5b72c7adc706bd629bc9323a6971259f,6,False
141,76fd60c0ec0030080bd36a23244fe870d443a03a,1ebd8d2863b23a90a36985f9a25c5d431e39612c,19,False
142,76fd60c0ec0030080bd36a23244fe870d443a03a,64e5f6d3996671a3c23ececf838b8976a078a50c,8,False
144,76fd60c0ec0030080bd36a23244fe870d443a03a,501fca6a43ee0b80217ca18989d11ea417032744,6,False
149,76fd60c0ec0030080bd36a23244fe870d443a03a,33052126780794407eae74479c0c0de053921434,7,False
151,76fd60c0ec0030080bd36a23244fe870d443a03a,53f7e55e05999c34610e8d26227ba64c08a0f4ff,14,False
152,76fd60c0ec0030080bd36a23244fe870d443a03a,9cdff54c2ba18a97ba1675c69eb632e9ded2607c,6,False
157,76fd60c0ec0030080bd36a23244fe870d443a03a,938071b0045ff87357da4443efcfab154d092ea4,6,False
163,76fd60c0ec0030080bd36a23244fe870d443a03a,a3406105eb51f858bcaa6906fcdf6a58cfc95176,5,False
164,76fd60c0ec0030080bd36a23244fe870d443a03a,bbcc99adeda18aa336a3a78cadb0d13b9f98aa99,4,False
165,76fd60c0ec0030080bd36a23244fe870d443a03a,18b271097d0d5ff8b57675bf67450104d4ce31f4,5,False
174,76fd60c0ec0030080bd36a23244fe870d443a03a,8fc6944d105536a4633f286737ecd3949181d731,8,False
179,76fd60c0ec0030080bd36a23244fe870d443a03a,be83535338d802b8014babb62f4034c17e1ffd83,4,False
188,76fd60c0ec0030080bd36a23244fe870d443a03a,601273c37a9670f00234f7e7092bb673e7c0b25c,6,False
199,bbb3d9fcc276837d6d4497a88cb0be43b4aff217,c7884360037cb59d27ec25f8a3f00f2d95509066,6,False
200,bbb3d9fcc276837d6d4497a88cb0be43b4aff217,c0d7e39bc35f2cc22ba27a2f1f749a8f0212bcdf,10,False
204,bbb3d9fcc276837d6d4497a88cb0be43b4aff217,957f63a28e333648997257a12a4d211dfdf9fb15,4,False
209,bbb3d9fcc276837d6d4497a88cb0be43b4aff217,71d53c7980b9561ffd56e6012b2bbb6685209df3,5,False
210,bbb3d9fcc276837d6d4497a88cb0be43b4aff217,501fca6a43ee0b80217ca18989d11ea417032744,6,False
212,bbb3d9fcc276837d6d4497a88cb0be43b4aff217,cea4fb5e46aee36ff77ac5d4f0014cd8cb1bee30,9,False
213,bbb3d9fcc276837d6d4497a88cb0be43b4aff217,7066f00d534a6503931372bb9caeec68bbc7d8a9,8,False
214,bbb3d9fcc276837d6d4497a88cb0be43b4aff217,53f7e55e05999c34610e8d26227ba64c08a0f4ff,14,False
215,bbb3d9fcc276837d6d4497a88cb0be43b4aff217,a3406105eb51f858bcaa6906fcdf6a58cfc95176,5,False
223,51712091e5cc2f703e852b3c07bae970d7cdefe4,689bfbdfda79e347815c3d2f9c0b80e16ff49cf5,4,False
224,51712091e5cc2f703e852b3c07bae970d7cdefe4,4332bf95aa520b515b6de4e50f47e988e45bccd6,4,False
225,51712091e5cc2f703e852b3c07bae970d7cdefe4,155a9d63259f34942860f0393a306070d9664442,5,False
234,51712091e5cc2f703e852b3c07bae970d7cdefe4,8b0a4d41ee469547163ea154ad2b522d6d335671,8,False
237,51712091e5cc2f703e852b3c07bae970d7cdefe4,341ea24cc5456da43c0c0b8d1a6e362b31815d8f,4,False
238,51712091e5cc2f703e852b3c07bae970d7cdefe4,3c0e5eb7e999d9587875b74f2bde665bca57fec2,4,False
244,51712091e5cc2f703e852b3c07bae970d7cdefe4,eb164d4c1bd95012bc66831a4319d98197737334,6,False
250,51712091e5cc2f703e852b3c07bae970d7cdefe4,894d1a656c40c75c868b5cdf9e477e93a33d350f,4,False
251,51712091e5cc2f703e852b3c07bae970d7cdefe4,5b682fc17f58f16893072f8cb7fdb70f0d7378fb,5,False
254,51712091e5cc2f703e852b3c07bae970d7cdefe4,c0d7e39bc35f2cc22ba27a2f1f749a8f0212bcdf,10,False
258,51712091e5cc2f703e852b3c07bae970d7cdefe4,15b74acde54afc09f8401ef1d660380c2db2a7e3,5,False
264,51712091e5cc2f703e852b3c07bae970d7cdefe4,4f5769d9fac7e94afedd86eb0967b1977a5e8626,10,False
265,51712091e5cc2f703e852b3c07bae970d7cdefe4,a3bc5b5bd9690842d6f6998aa95388de0894a156,4,False
268,51712091e5cc2f703e852b3c07bae970d7cdefe4,d622f56d27f77d1211cfde5ca6c3141b0712b0aa,4,False
271,51712091e5cc2f703e852b3c07bae970d7cdefe4,8014e27066275b8c99a1db76386f66213cc6fe90,4,False
274,51712091e5cc2f703e852b3c07bae970d7cdefe4,f5da5560d924b846c4035ad4112c32d1ad704819,8,False
279,51712091e5cc2f703e852b3c07bae970d7cdefe4,bbd69927dc4fc8a83049efd410a219c4d1a50d22,4,False
280,51712091e5cc2f703e852b3c07bae970d7cdefe4,02c37bd520162682a656d27f1a04ad1c77620a07,4,False
282,51712091e5cc2f703e852b3c07bae970d7cdefe4,0965a50373ff2e38a05a3646867890d5f1069ae9,6,False
284,51712091e5cc2f703e852b3c07bae970d7cdefe4,a68ec9a74fdae7dae859e27fb711bc3c335a0d86,6,False
285,51712091e5cc2f703e852b3c07bae970d7cdefe4,b689d344502419f656d482bd186a5ee6b0140891,7,False
286,51712091e5cc2f703e852b3c07bae970d7cdefe4,6a672db70fc9df10403e114dcc1851505c7ab93b,4,False
287,51712091e5cc2f703e852b3c07bae970d7cdefe4,1ebd8d2863b23a90a36985f9a25c5d431e39612c,19,False
288,51712091e5cc2f703e852b3c07bae970d7cdefe4,64e5f6d3996671a3c23ececf838b8976a078a50c,8,False
290,51712091e5cc2f703e852b3c07bae970d7cdefe4,71d53c7980b9561ffd56e6012b2bbb6685209df3,5,False
296,51712091e5cc2f703e852b3c07bae970d7cdefe4,4c940c7726ddd513e95d808442a77396d71e9f07,8,False
297,51712091e5cc2f703e852b3c07bae970d7cdefe4,d1d504f87535dcc2789fc255c0e51923e1dae6a9,5,False
299,51712091e5cc2f703e852b3c07bae970d7cdefe4,33052126780794407eae74479c0c0de053921434,7,False
303,51712091e5cc2f703e852b3c07bae970d7cdefe4,938071b0045ff87357da4443efcfab154d092ea4,6,False
308,51712091e5cc2f703e852b3c07bae970d7cdefe4,bbcc99adeda18aa336a3a78cadb0d13b9f98aa99,4,False
309,51712091e5cc2f703e852b3c07bae970d7cdefe4,18b271097d0d5ff8b57675bf67450104d4ce31f4,5,False
310,51712091e5cc2f703e852b3c07bae970d7cdefe4,315900b898f47295550a0edaf9ed8b4e5243ed6c,4,False
312,51712091e5cc2f703e852b3c07bae970d7cdefe4,ab73e70e7421d3aff7e8e6e01e32e486a0326d13,4,False
315,51712091e5cc2f703e852b3c07bae970d7cdefe4,148316b20fabdda8f3d0795c07ebb12986dd59da,8,False
326,51712091e5cc2f703e852b3c07bae970d7cdefe4,ae7cb87ad5f34302b1016d94700428f1f76fe041,4,False
341,51712091e5cc2f703e852b3c07bae970d7cdefe4,601273c37a9670f00234f7e7092bb673e7c0b25c,6,False
342,51712091e5cc2f703e852b3c07bae970d7cdefe4,1efc86d78b94931fefdfd47614299f6c6c17980e,7,False
343,51712091e5cc2f703e852b3c07bae970d7cdefe4,d59780c129598857dd7ba888be017446a1849861,5,False
346,532b585edb31f3843c90ff5c26a4e286ac248cf7,4332bf95aa520b515b6de4e50f47e988e45bccd6,4,False
348,532b585edb31f3843c90ff5c26a4e286ac248cf7,8b0a4d41ee469547163ea154ad2b522d6d335671,8,False
353,532b585edb31f3843c90ff5c26a4e286ac248cf7,1c5a74d5124a5ca91986f8991a924b53e523e08c,4,False
354,532b585edb31f3843c90ff5c26a4e286ac248cf7,4f5769d9fac7e94afedd86eb0967b1977a5e8626,10,False
356,532b585edb31f3843c90ff5c26a4e286ac248cf7,95a6c00a852b56783e9aba6a1c36381e6b643f7c,4,False
358,532b585edb31f3843c90ff5c26a4e286ac248cf7,f3747d72af6c12c49e1fec4ba8fe65bcd9d25d05,4,False
359,532b585edb31f3843c90ff5c26a4e286ac248cf7,1ebd8d2863b23a90a36985f9a25c5d431e39612c,19,False
360,532b585edb31f3843c90ff5c26a4e286ac248cf7,cea4fb5e46aee36ff77ac5d4f0014cd8cb1bee30,9,False
361,532b585edb31f3843c90ff5c26a4e286ac248cf7,7066f00d534a6503931372bb9caeec68bbc7d8a9,8,False
366,2ac7512497a2289f7fc543d39eb5eec7d48468a9,8b0a4d41ee469547163ea154ad2b522d6d335671,8,False
370,2ac7512497a2289f7fc543d39eb5eec7d48468a9,4f2f078bcabca17203f98842c5e7912d63f451ab,4,False
374,2ac7512497a2289f7fc543d39eb5eec7d48468a9,c7884360037cb59d27ec25f8a3f00f2d95509066,6,False
375,2ac7512497a2289f7fc543d39eb5eec7d48468a9,c0d7e39bc35f2cc22ba27a2f1f749a8f0212bcdf,10,False
381,2ac7512497a2289f7fc543d39eb5eec7d48468a9,9b536c7b0f45d4b512f337d0acda09ca3e4cd953,4,False
390,2ac7512497a2289f7fc543d39eb5eec7d48468a9,4f5769d9fac7e94afedd86eb0967b1977a5e8626,10,False
400,2ac7512497a2289f7fc543d39eb5eec7d48468a9,f5da5560d924b846c4035ad4112c32d1ad704819,8,False
411,2ac7512497a2289f7fc543d39eb5eec7d48468a9,5fc98a7f6de4fa4fb989951c0cce7008b5e44f80,4,False
412,2ac7512497a2289f7fc543d39eb5eec7d48468a9,03a749ef23b6dc5ca4111407f001904976e3d2d7,4,False
415,2ac7512497a2289f7fc543d39eb5eec7d48468a9,b689d344502419f656d482bd186a5ee6b0140891,7,False
416,2ac7512497a2289f7fc543d39eb5eec7d48468a9,d7a3efa99a71c3341552de3eb0db078dac368fd5,5,False
417,2ac7512497a2289f7fc543d39eb5eec7d48468a9,6741f91a5b72c7adc706bd629bc9323a6971259f,6,False
421,2ac7512497a2289f7fc543d39eb5eec7d48468a9,1ebd8d2863b23a90a36985f9a25c5d431e39612c,19,False
422,2ac7512497a2289f7fc543d39eb5eec7d48468a9,64e5f6d3996671a3c23ececf838b8976a078a50c,8,False
426,2ac7512497a2289f7fc543d39eb5eec7d48468a9,4c940c7726ddd513e95d808442a77396d71e9f07,8,False
427,2ac7512497a2289f7fc543d39eb5eec7d48468a9,f8cdc12946a1c7ce157eeba4ae899907ebad7095,4,False
438,2ac7512497a2289f7fc543d39eb5eec7d48468a9,a3406105eb51f858bcaa6906fcdf6a58cfc95176,5,False
441,2ac7512497a2289f7fc543d39eb5eec7d48468a9,315900b898f47295550a0edaf9ed8b4e5243ed6c,4,False
443,2ac7512497a2289f7fc543d39eb5eec7d48468a9,88779104d045f4f319d17184368ee12431a0ce82,5,False
510,fd9e48c5cd04fec2823d99ef06c462985d3b2eb7,1bb49c3de3b09c196879fd57fc10daec33ad129b,4,False
523,e7a922049a9bf54a0b13cd1d475a58e36c7c9b3e,689bfbdfda79e347815c3d2f9c0b80e16ff49cf5,4,False
525,e7a922049a9bf54a0b13cd1d475a58e36c7c9b3e,155a9d63259f34942860f0393a306070d9664442,5,False
526,e7a922049a9bf54a0b13cd1d475a58e36c7c9b3e,8b0a4d41ee469547163ea154ad2b522d6d335671,8,False
527,e7a922049a9bf54a0b13cd1d475a58e36c7c9b3e,4f2f078bcabca17203f98842c5e7912d63f451ab,4,False
528,e7a922049a9bf54a0b13cd1d475a58e36c7c9b3e,eb164d4c1bd95012bc66831a4319d98197737334,6,False
530,e7a922049a9bf54a0b13cd1d475a58e36c7c9b3e,a4c8b73f5add658a08562e920ed458f96d105179,5,False
531,e7a922049a9bf54a0b13cd1d475a58e36c7c9b3e,894d1a656c40c75c868b5cdf9e477e93a33d350f,4,False
532,e7a922049a9bf54a0b13cd1d475a58e36c7c9b3e,5b682fc17f58f16893072f8cb7fdb70f0d7378fb,5,False
533,e7a922049a9bf54a0b13cd1d475a58e36c7c9b3e,c7884360037cb59d27ec25f8a3f00f2d95509066,6,False
535,e7a922049a9bf54a0b13cd1d475a58e36c7c9b3e,15b74acde54afc09f8401ef1d660380c2db2a7e3,5,False
540,e7a922049a9bf54a0b13cd1d475a58e36c7c9b3e,272dba88f6f7d2f6ad6076d5d6db0315a572b9d9,5,False
542,e7a922049a9bf54a0b13cd1d475a58e36c7c9b3e,6741f91a5b72c7adc706bd629bc9323a6971259f,6,False
544,e7a922049a9bf54a0b13cd1d475a58e36c7c9b3e,1ebd8d2863b23a90a36985f9a25c5d431e39612c,19,False
547,e7a922049a9bf54a0b13cd1d475a58e36c7c9b3e,64e5f6d3996671a3c23ececf838b8976a078a50c,8,False
549,e7a922049a9bf54a0b13cd1d475a58e36c7c9b3e,4c940c7726ddd513e95d808442a77396d71e9f07,8,False
550,e7a922049a9bf54a0b13cd1d475a58e36c7c9b3e,33052126780794407eae74479c0c0de053921434,7,False
551,e7a922049a9bf54a0b13cd1d475a58e36c7c9b3e,53f7e55e05999c34610e8d26227ba64c08a0f4ff,14,False
552,e7a922049a9bf54a0b13cd1d475a58e36c7c9b3e,a3406105eb51f858bcaa6906fcdf6a58cfc95176,5,False
559,e7a922049a9bf54a0b13cd1d475a58e36c7c9b3e,601273c37a9670f00234f7e7092bb673e7c0b25c,6,False
599,4a01cfe2c5b312ad8bcd791513056b2bcbc84549,1bb49c3de3b09c196879fd57fc10daec33ad129b,4,False
622,4332bf95aa520b515b6de4e50f47e988e45bccd6,8b0a4d41ee469547163ea154ad2b522d6d335671,8,False
623,4332bf95aa520b515b6de4e50f47e988e45bccd6,341ea24cc5456da43c0c0b8d1a6e362b31815d8f,4,False
624,4332bf95aa520b515b6de4e50f47e988e45bccd6,3c0e5eb7e999d9587875b74f2bde665bca57fec2,4,False
627,4332bf95aa520b515b6de4e50f47e988e45bccd6,eb164d4c1bd95012bc66831a4319d98197737334,6,False
630,4332bf95aa520b515b6de4e50f47e988e45bccd6,5b682fc17f58f16893072f8cb7fdb70f0d7378fb,5,False
631,4332bf95aa520b515b6de4e50f47e988e45bccd6,c0d7e39bc35f2cc22ba27a2f1f749a8f0212bcdf,10,False
633,4332bf95aa520b515b6de4e50f47e988e45bccd6,15b74acde54afc09f8401ef1d660380c2db2a7e3,5,False
637,4332bf95aa520b515b6de4e50f47e988e45bccd6,4f5769d9fac7e94afedd86eb0967b1977a5e8626,10,False
642,4332bf95aa520b515b6de4e50f47e988e45bccd6,95a6c00a852b56783e9aba6a1c36381e6b643f7c,4,False
644,4332bf95aa520b515b6de4e50f47e988e45bccd6,f5da5560d924b846c4035ad4112c32d1ad704819,8,False
645,4332bf95aa520b515b6de4e50f47e988e45bccd6,6eed89627a55044632728daca81da33384bd5e15,4,False
652,4332bf95aa520b515b6de4e50f47e988e45bccd6,a68ec9a74fdae7dae859e27fb711bc3c335a0d86,6,False
655,4332bf95aa520b515b6de4e50f47e988e45bccd6,1ebd8d2863b23a90a36985f9a25c5d431e39612c,19,False
658,4332bf95aa520b515b6de4e50f47e988e45bccd6,4c940c7726ddd513e95d808442a77396d71e9f07,8,False
660,4332bf95aa520b515b6de4e50f47e988e45bccd6,53f7e55e05999c34610e8d26227ba64c08a0f4ff,14,False
663,4332bf95aa520b515b6de4e50f47e988e45bccd6,bbcc99adeda18aa336a3a78cadb0d13b9f98aa99,4,False
665,4332bf95aa520b515b6de4e50f47e988e45bccd6,148316b20fabdda8f3d0795c07ebb12986dd59da,8,False
672,4332bf95aa520b515b6de4e50f47e988e45bccd6,8fc6944d105536a4633f286737ecd3949181d731,8,False
677,155a9d63259f34942860f0393a306070d9664442,4f2f078bcabca17203f98842c5e7912d63f451ab,4,False
678,155a9d63259f34942860f0393a306070d9664442,5b682fc17f58f16893072f8cb7fdb70f0d7378fb,5,False
679,155a9d63259f34942860f0393a306070d9664442,c0d7e39bc35f2cc22ba27a2f1f749a8f0212bcdf,10,False
681,155a9d63259f34942860f0393a306070d9664442,15b74acde54afc09f8401ef1d660380c2db2a7e3,5,False
684,155a9d63259f34942860f0393a306070d9664442,1ebd8d2863b23a90a36985f9a25c5d431e39612c,19,False
694,030938cd7880fd9290b90f997e78937a87383c94,9b536c7b0f45d4b512f337d0acda09ca3e4cd953,4,False
711,030938cd7880fd9290b90f997e78937a87383c94,ab73e70e7421d3aff7e8e6e01e32e486a0326d13,4,False
717,8b0a4d41ee469547163ea154ad2b522d6d335671,eb164d4c1bd95012bc66831a4319d98197737334,6,False
719,8b0a4d41ee469547163ea154ad2b522d6d335671,a4c8b73f5add658a08562e920ed458f96d105179,5,False
723,8b0a4d41ee469547163ea154ad2b522d6d335671,c7884360037cb59d27ec25f8a3f00f2d95509066,6,False
724,8b0a4d41ee469547163ea154ad2b522d6d335671,c0d7e39bc35f2cc22ba27a2f1f749a8f0212bcdf,10,False
726,8b0a4d41ee469547163ea154ad2b522d6d335671,9b536c7b0f45d4b512f337d0acda09ca3e4cd953,4,False
734,8b0a4d41ee469547163ea154ad2b522d6d335671,4f5769d9fac7e94afedd86eb0967b1977a5e8626,10,False
735,8b0a4d41ee469547163ea154ad2b522d6d335671,a3bc5b5bd9690842d6f6998aa95388de0894a156,4,False
743,8b0a4d41ee469547163ea154ad2b522d6d335671,f5da5560d924b846c4035ad4112c32d1ad704819,8,False
745,8b0a4d41ee469547163ea154ad2b522d6d335671,957f63a28e333648997257a12a4d211dfdf9fb15,4,False
753,8b0a4d41ee469547163ea154ad2b522d6d335671,02c37bd520162682a656d27f1a04ad1c77620a07,4,False
754,8b0a4d41ee469547163ea154ad2b522d6d335671,5fc98a7f6de4fa4fb989951c0cce7008b5e44f80,4,False
756,8b0a4d41ee469547163ea154ad2b522d6d335671,03a749ef23b6dc5ca4111407f001904976e3d2d7,4,False
757,8b0a4d41ee469547163ea154ad2b522d6d335671,b689d344502419f656d482bd186a5ee6b0140891,7,False
758,8b0a4d41ee469547163ea154ad2b522d6d335671,d7a3efa99a71c3341552de3eb0db078dac368fd5,5,False
759,8b0a4d41ee469547163ea154ad2b522d6d335671,1ebd8d2863b23a90a36985f9a25c5d431e39612c,19,False
765,8b0a4d41ee469547163ea154ad2b522d6d335671,f8cdc12946a1c7ce157eeba4ae899907ebad7095,4,False
766,8b0a4d41ee469547163ea154ad2b522d6d335671,53f7e55e05999c34610e8d26227ba64c08a0f4ff,14,False
770,8b0a4d41ee469547163ea154ad2b522d6d335671,99cdc0ec5eb6660c5a600d3c240fc27f683c42f8,4,False
772,8b0a4d41ee469547163ea154ad2b522d6d335671,a3406105eb51f858bcaa6906fcdf6a58cfc95176,5,False
773,8b0a4d41ee469547163ea154ad2b522d6d335671,88779104d045f4f319d17184368ee12431a0ce82,5,False
778,8b0a4d41ee469547163ea154ad2b522d6d335671,ae7cb87ad5f34302b1016d94700428f1f76fe041,4,False
793,ea7a556db3ddfc859e33293063ca7911e3b77da5,4f5769d9fac7e94afedd86eb0967b1977a5e8626,10,False
796,ea7a556db3ddfc859e33293063ca7911e3b77da5,f5da5560d924b846c4035ad4112c32d1ad704819,8,False
802,ea7a556db3ddfc859e33293063ca7911e3b77da5,0965a50373ff2e38a05a3646867890d5f1069ae9,6,False
803,ea7a556db3ddfc859e33293063ca7911e3b77da5,272dba88f6f7d2f6ad6076d5d6db0315a572b9d9,5,False
806,ea7a556db3ddfc859e33293063ca7911e3b77da5,8d39c4a23bcecc6977ae98e14005aebbc886aa39,5,False
807,ea7a556db3ddfc859e33293063ca7911e3b77da5,1ebd8d2863b23a90a36985f9a25c5d431e39612c,19,False
811,ea7a556db3ddfc859e33293063ca7911e3b77da5,cea4fb5e46aee36ff77ac5d4f0014cd8cb1bee30,9,False
813,ea7a556db3ddfc859e33293063ca7911e3b77da5,53f7e55e05999c34610e8d26227ba64c08a0f4ff,14,False
817,ea7a556db3ddfc859e33293063ca7911e3b77da5,d9f4d4652b143a2b50533d8a174ad05453044931,7,False
819,ea7a556db3ddfc859e33293063ca7911e3b77da5,33c68a952dd1af96a8dcaba64fed5810a4328056,5,False
835,341ea24cc5456da43c0c0b8d1a6e362b31815d8f,7e534389bf18a62353aab3cb58036c2047bdbf6e,4,False
849,341ea24cc5456da43c0c0b8d1a6e362b31815d8f,95a6c00a852b56783e9aba6a1c36381e6b643f7c,4,False
862,341ea24cc5456da43c0c0b8d1a6e362b31815d8f,1bb49c3de3b09c196879fd57fc10daec33ad129b,4,False
876,341ea24cc5456da43c0c0b8d1a6e362b31815d8f,1ebd8d2863b23a90a36985f9a25c5d431e39612c,19,False
889,341ea24cc5456da43c0c0b8d1a6e362b31815d8f,33052126780794407eae74479c0c0de053921434,7,False
890,341ea24cc5456da43c0c0b8d1a6e362b31815d8f,7066f00d534a6503931372bb9caeec68bbc7d8a9,8,False
892,341ea24cc5456da43c0c0b8d1a6e362b31815d8f,53f7e55e05999c34610e8d26227ba64c08a0f4ff,14,False
903,341ea24cc5456da43c0c0b8d1a6e362b31815d8f,18b271097d0d5ff8b57675bf67450104d4ce31f4,5,False
904,341ea24cc5456da43c0c0b8d1a6e362b31815d8f,88779104d045f4f319d17184368ee12431a0ce82,5,False
934,ea35d133e37f1fc1339999175970d2795dfe99da,9b536c7b0f45d4b512f337d0acda09ca3e4cd953,4,False
935,ea35d133e37f1fc1339999175970d2795dfe99da,1c5a74d5124a5ca91986f8991a924b53e523e08c,4,False
940,ea35d133e37f1fc1339999175970d2795dfe99da,1ebd8d2863b23a90a36985f9a25c5d431e39612c,19,False
951,9dd8d17a17c9d23572fa90d819a9388a7faa49ed,7e534389bf18a62353aab3cb58036c2047bdbf6e,4,False
952,9dd8d17a17c9d23572fa90d819a9388a7faa49ed,1c5a74d5124a5ca91986f8991a924b53e523e08c,4,False
960,9dd8d17a17c9d23572fa90d819a9388a7faa49ed,1ebd8d2863b23a90a36985f9a25c5d431e39612c,19,False
970,a4c8b73f5add658a08562e920ed458f96d105179,a3bc5b5bd9690842d6f6998aa95388de0894a156,4,False
972,a4c8b73f5add658a08562e920ed458f96d105179,8014e27066275b8c99a1db76386f66213cc6fe90,4,False
974,a4c8b73f5add658a08562e920ed458f96d105179,bbd69927dc4fc8a83049efd410a219c4d1a50d22,4,False
976,a4c8b73f5add658a08562e920ed458f96d105179,03a749ef23b6dc5ca4111407f001904976e3d2d7,4,False
978,a4c8b73f5add658a08562e920ed458f96d105179,f3747d72af6c12c49e1fec4ba8fe65bcd9d25d05,4,False
979,a4c8b73f5add658a08562e920ed458f96d105179,6a672db70fc9df10403e114dcc1851505c7ab93b,4,False
983,a4c8b73f5add658a08562e920ed458f96d105179,33052126780794407eae74479c0c0de053921434,7,False
984,a4c8b73f5add658a08562e920ed458f96d105179,9cdff54c2ba18a97ba1675c69eb632e9ded2607c,6,False
988,a4c8b73f5add658a08562e920ed458f96d105179,8fc6944d105536a4633f286737ecd3949181d731,8,False
992,c7884360037cb59d27ec25f8a3f00f2d95509066,894d1a656c40c75c868b5cdf9e477e93a33d350f,4,False
1008,c7884360037cb59d27ec25f8a3f00f2d95509066,272dba88f6f7d2f6ad6076d5d6db0315a572b9d9,5,False
1013,c7884360037cb59d27ec25f8a3f00f2d95509066,6a672db70fc9df10403e114dcc1851505c7ab93b,4,False
1015,c7884360037cb59d27ec25f8a3f00f2d95509066,d1d504f87535dcc2789fc255c0e51923e1dae6a9,5,False
1043,c0d7e39bc35f2cc22ba27a2f1f749a8f0212bcdf,7e534389bf18a62353aab3cb58036c2047bdbf6e,4,False
1058,c0d7e39bc35f2cc22ba27a2f1f749a8f0212bcdf,4f5769d9fac7e94afedd86eb0967b1977a5e8626,10,False
1060,c0d7e39bc35f2cc22ba27a2f1f749a8f0212bcdf,a3bc5b5bd9690842d6f6998aa95388de0894a156,4,False
1069,c0d7e39bc35f2cc22ba27a2f1f749a8f0212bcdf,d622f56d27f77d1211cfde5ca6c3141b0712b0aa,4,False
1072,c0d7e39bc35f2cc22ba27a2f1f749a8f0212bcdf,95a6c00a852b56783e9aba6a1c36381e6b643f7c,4,False
1074,c0d7e39bc35f2cc22ba27a2f1f749a8f0212bcdf,8014e27066275b8c99a1db76386f66213cc6fe90,4,False
1080,c0d7e39bc35f2cc22ba27a2f1f749a8f0212bcdf,f5da5560d924b846c4035ad4112c32d1ad704819,8,False
1082,c0d7e39bc35f2cc22ba27a2f1f749a8f0212bcdf,6eed89627a55044632728daca81da33384bd5e15,4,False
1083,c0d7e39bc35f2cc22ba27a2f1f749a8f0212bcdf,957f63a28e333648997257a12a4d211dfdf9fb15,4,False
1088,c0d7e39bc35f2cc22ba27a2f1f749a8f0212bcdf,6face220d6a1b46a9b593c441a2076dd3837044e,4,False
1101,c0d7e39bc35f2cc22ba27a2f1f749a8f0212bcdf,bbd69927dc4fc8a83049efd410a219c4d1a50d22,4,False
1104,c0d7e39bc35f2cc22ba27a2f1f749a8f0212bcdf,02c37bd520162682a656d27f1a04ad1c77620a07,4,False
1108,c0d7e39bc35f2cc22ba27a2f1f749a8f0212bcdf,5fc98a7f6de4fa4fb989951c0cce7008b5e44f80,4,False
1110,c0d7e39bc35f2cc22ba27a2f1f749a8f0212bcdf,0965a50373ff2e38a05a3646867890d5f1069ae9,6,False
1113,c0d7e39bc35f2cc22ba27a2f1f749a8f0212bcdf,272dba88f6f7d2f6ad6076d5d6db0315a572b9d9,5,False
1116,c0d7e39bc35f2cc22ba27a2f1f749a8f0212bcdf,a68ec9a74fdae7dae859e27fb711bc3c335a0d86,6,False
1119,c0d7e39bc35f2cc22ba27a2f1f749a8f0212bcdf,03a749ef23b6dc5ca4111407f001904976e3d2d7,4,False
1126,c0d7e39bc35f2cc22ba27a2f1f749a8f0212bcdf,b689d344502419f656d482bd186a5ee6b0140891,7,False
1127,c0d7e39bc35f2cc22ba27a2f1f749a8f0212bcdf,8d39c4a23bcecc6977ae98e14005aebbc886aa39,5,False
1128,c0d7e39bc35f2cc22ba27a2f1f749a8f0212bcdf,d7a3efa99a71c3341552de3eb0db078dac368fd5,5,False
1130,c0d7e39bc35f2cc22ba27a2f1f749a8f0212bcdf,6741f91a5b72c7adc706bd629bc9323a6971259f,6,False
1135,c0d7e39bc35f2cc22ba27a2f1f749a8f0212bcdf,f3747d72af6c12c49e1fec4ba8fe65bcd9d25d05,4,False
1136,c0d7e39bc35f2cc22ba27a2f1f749a8f0212bcdf,6a672db70fc9df10403e114dcc1851505c7ab93b,4,False
1137,c0d7e39bc35f2cc22ba27a2f1f749a8f0212bcdf,1ebd8d2863b23a90a36985f9a25c5d431e39612c,19,False
1143,c0d7e39bc35f2cc22ba27a2f1f749a8f0212bcdf,64e5f6d3996671a3c23ececf838b8976a078a50c,8,False
1145,c0d7e39bc35f2cc22ba27a2f1f749a8f0212bcdf,71d53c7980b9561ffd56e6012b2bbb6685209df3,5,False
1146,c0d7e39bc35f2cc22ba27a2f1f749a8f0212bcdf,501fca6a43ee0b80217ca18989d11ea417032744,6,False
1151,c0d7e39bc35f2cc22ba27a2f1f749a8f0212bcdf,d1d504f87535dcc2789fc255c0e51923e1dae6a9,5,False
1154,c0d7e39bc35f2cc22ba27a2f1f749a8f0212bcdf,cea4fb5e46aee36ff77ac5d4f0014cd8cb1bee30,9,False
1156,c0d7e39bc35f2cc22ba27a2f1f749a8f0212bcdf,7066f00d534a6503931372bb9caeec68bbc7d8a9,8,False
1157,c0d7e39bc35f2cc22ba27a2f1f749a8f0212bcdf,33052126780794407eae74479c0c0de053921434,7,False
1160,c0d7e39bc35f2cc22ba27a2f1f749a8f0212bcdf,53f7e55e05999c34610e8d26227ba64c08a0f4ff,14,False
1163,c0d7e39bc35f2cc22ba27a2f1f749a8f0212bcdf,9cdff54c2ba18a97ba1675c69eb632e9ded2607c,6,False
1168,c0d7e39bc35f2cc22ba27a2f1f749a8f0212bcdf,938071b0045ff87357da4443efcfab154d092ea4,6,False
1170,c0d7e39bc35f2cc22ba27a2f1f749a8f0212bcdf,fcd025dd765a74496086f7e081e9d7b41fd92fcb,4,False
1172,c0d7e39bc35f2cc22ba27a2f1f749a8f0212bcdf,5e23b4bc089dc6aa9855e4abdaec172171b03f00,4,False
1177,c0d7e39bc35f2cc22ba27a2f1f749a8f0212bcdf,18b271097d0d5ff8b57675bf67450104d4ce31f4,5,False
1179,c0d7e39bc35f2cc22ba27a2f1f749a8f0212bcdf,8f5ce5cc4f37036af5a4b9096b596f41c9c2fe0a,8,False
1183,c0d7e39bc35f2cc22ba27a2f1f749a8f0212bcdf,e736e25917e448c4d1624018c65bcf112e440dab,4,False
1185,c0d7e39bc35f2cc22ba27a2f1f749a8f0212bcdf,ae7cb87ad5f34302b1016d94700428f1f76fe041,4,False
1187,c0d7e39bc35f2cc22ba27a2f1f749a8f0212bcdf,8fc6944d105536a4633f286737ecd3949181d731,8,False
1206,f81f91081ebb79389017ba768d76124d6ca3fa58,c0d7e39bc35f2cc22ba27a2f1f749a8f0212bcdf,10,False
1209,f81f91081ebb79389017ba768d76124d6ca3fa58,8014e27066275b8c99a1db76386f66213cc6fe90,4,False
1211,f81f91081ebb79389017ba768d76124d6ca3fa58,6face220d6a1b46a9b593c441a2076dd3837044e,4,False
1214,f81f91081ebb79389017ba768d76124d6ca3fa58,bbd69927dc4fc8a83049efd410a219c4d1a50d22,4,False
1215,f81f91081ebb79389017ba768d76124d6ca3fa58,0965a50373ff2e38a05a3646867890d5f1069ae9,6,False
1216,f81f91081ebb79389017ba768d76124d6ca3fa58,71d53c7980b9561ffd56e6012b2bbb6685209df3,5,False
1218,f81f91081ebb79389017ba768d76124d6ca3fa58,e736e25917e448c4d1624018c65bcf112e440dab,4,False
1219,f81f91081ebb79389017ba768d76124d6ca3fa58,8fc6944d105536a4633f286737ecd3949181d731,8,False
1238,8b2dd5c61b23ead5ae5508bb8ce808b5ea266730,1ebd8d2863b23a90a36985f9a25c5d431e39612c,19,False
1243,8b2dd5c61b23ead5ae5508bb8ce808b5ea266730,4c940c7726ddd513e95d808442a77396d71e9f07,8,False
1255,8b2dd5c61b23ead5ae5508bb8ce808b5ea266730,d9f4d4652b143a2b50533d8a174ad05453044931,7,False
1260,8b2dd5c61b23ead5ae5508bb8ce808b5ea266730,315900b898f47295550a0edaf9ed8b4e5243ed6c,4,False
1286,8b2dd5c61b23ead5ae5508bb8ce808b5ea266730,601273c37a9670f00234f7e7092bb673e7c0b25c,6,False
1288,4f5769d9fac7e94afedd86eb0967b1977a5e8626,d622f56d27f77d1211cfde5ca6c3141b0712b0aa,4,False
1290,4f5769d9fac7e94afedd86eb0967b1977a5e8626,f5da5560d924b846c4035ad4112c32d1ad704819,8,False
1294,4f5769d9fac7e94afedd86eb0967b1977a5e8626,6eed89627a55044632728daca81da33384bd5e15,4,False
1303,4f5769d9fac7e94afedd86eb0967b1977a5e8626,5fc98a7f6de4fa4fb989951c0cce7008b5e44f80,4,False
1304,4f5769d9fac7e94afedd86eb0967b1977a5e8626,a68ec9a74fdae7dae859e27fb711bc3c335a0d86,6,False
1307,4f5769d9fac7e94afedd86eb0967b1977a5e8626,b689d344502419f656d482bd186a5ee6b0140891,7,False
1308,4f5769d9fac7e94afedd86eb0967b1977a5e8626,8d39c4a23bcecc6977ae98e14005aebbc886aa39,5,False
1309,4f5769d9fac7e94afedd86eb0967b1977a5e8626,1ebd8d2863b23a90a36985f9a25c5d431e39612c,19,False
1315,4f5769d9fac7e94afedd86eb0967b1977a5e8626,d1d504f87535dcc2789fc255c0e51923e1dae6a9,5,False
1318,4f5769d9fac7e94afedd86eb0967b1977a5e8626,f8cdc12946a1c7ce157eeba4ae899907ebad7095,4,False
1319,4f5769d9fac7e94afedd86eb0967b1977a5e8626,53f7e55e05999c34610e8d26227ba64c08a0f4ff,14,False
1324,4f5769d9fac7e94afedd86eb0967b1977a5e8626,bbcc99adeda18aa336a3a78cadb0d13b9f98aa99,4,False
1327,4f5769d9fac7e94afedd86eb0967b1977a5e8626,856e2c985825d055ec619a4ac9bf408182fd35a8,4,False
1328,4f5769d9fac7e94afedd86eb0967b1977a5e8626,88779104d045f4f319d17184368ee12431a0ce82,5,False
1329,4f5769d9fac7e94afedd86eb0967b1977a5e8626,8f5ce5cc4f37036af5a4b9096b596f41c9c2fe0a,8,False
1331,4f5769d9fac7e94afedd86eb0967b1977a5e8626,148316b20fabdda8f3d0795c07ebb12986dd59da,8,False
1335,4f5769d9fac7e94afedd86eb0967b1977a5e8626,ae7cb87ad5f34302b1016d94700428f1f76fe041,4,False
1337,4f5769d9fac7e94afedd86eb0967b1977a5e8626,be83535338d802b8014babb62f4034c17e1ffd83,4,False
1338,4f5769d9fac7e94afedd86eb0967b1977a5e8626,3ec9dab922762efca3f3913e28a454e2061ccdb6,5,False
1340,4f5769d9fac7e94afedd86eb0967b1977a5e8626,1efc86d78b94931fefdfd47614299f6c6c17980e,7,False
1353,73abb99b81129553805bd0f396cbea7e78736f97,856e2c985825d055ec619a4ac9bf408182fd35a8,4,False
1355,73abb99b81129553805bd0f396cbea7e78736f97,148316b20fabdda8f3d0795c07ebb12986dd59da,8,False
1357,73abb99b81129553805bd0f396cbea7e78736f97,0c1c4b3b78e54381e1a1011843ffa1924af2da83,7,False
1361,73abb99b81129553805bd0f396cbea7e78736f97,3ec9dab922762efca3f3913e28a454e2061ccdb6,5,False
1363,73abb99b81129553805bd0f396cbea7e78736f97,1efc86d78b94931fefdfd47614299f6c6c17980e,7,False
1364,73abb99b81129553805bd0f396cbea7e78736f97,d59780c129598857dd7ba888be017446a1849861,5,False
1377,7101fcf288d6ee1452e374f4f20b8e6ab6af7af6,315900b898f47295550a0edaf9ed8b4e5243ed6c,4,False
1427,58d92d220381a733b92c35ae737d1d2aa3601eef,856e2c985825d055ec619a4ac9bf408182fd35a8,4,False
1428,58d92d220381a733b92c35ae737d1d2aa3601eef,148316b20fabdda8f3d0795c07ebb12986dd59da,8,False
1446,58d92d220381a733b92c35ae737d1d2aa3601eef,0c1c4b3b78e54381e1a1011843ffa1924af2da83,7,False
1450,58d92d220381a733b92c35ae737d1d2aa3601eef,1efc86d78b94931fefdfd47614299f6c6c17980e,7,False
1973,0965a50373ff2e38a05a3646867890d5f1069ae9,6face220d6a1b46a9b593c441a2076dd3837044e,4,False
1975,0965a50373ff2e38a05a3646867890d5f1069ae9,02c37bd520162682a656d27f1a04ad1c77620a07,4,False
1978,0965a50373ff2e38a05a3646867890d5f1069ae9,272dba88f6f7d2f6ad6076d5d6db0315a572b9d9,5,False
1984,0965a50373ff2e38a05a3646867890d5f1069ae9,b689d344502419f656d482bd186a5ee6b0140891,7,False
1985,0965a50373ff2e38a05a3646867890d5f1069ae9,8d39c4a23bcecc6977ae98e14005aebbc886aa39,5,False
1986,0965a50373ff2e38a05a3646867890d5f1069ae9,d7a3efa99a71c3341552de3eb0db078dac368fd5,5,False
1989,0965a50373ff2e38a05a3646867890d5f1069ae9,6741f91a5b72c7adc706bd629bc9323a6971259f,6,False
1997,0965a50373ff2e38a05a3646867890d5f1069ae9,1ebd8d2863b23a90a36985f9a25c5d431e39612c,19,False
2000,0965a50373ff2e38a05a3646867890d5f1069ae9,64e5f6d3996671a3c23ececf838b8976a078a50c,8,False
2005,0965a50373ff2e38a05a3646867890d5f1069ae9,71d53c7980b9561ffd56e6012b2bbb6685209df3,5,False
2007,0965a50373ff2e38a05a3646867890d5f1069ae9,501fca6a43ee0b80217ca18989d11ea417032744,6,False
2016,0965a50373ff2e38a05a3646867890d5f1069ae9,cea4fb5e46aee36ff77ac5d4f0014cd8cb1bee30,9,False
2019,0965a50373ff2e38a05a3646867890d5f1069ae9,7066f00d534a6503931372bb9caeec68bbc7d8a9,8,False
2025,0965a50373ff2e38a05a3646867890d5f1069ae9,53f7e55e05999c34610e8d26227ba64c08a0f4ff,14,False
2027,0965a50373ff2e38a05a3646867890d5f1069ae9,9cdff54c2ba18a97ba1675c69eb632e9ded2607c,6,False
2032,0965a50373ff2e38a05a3646867890d5f1069ae9,938071b0045ff87357da4443efcfab154d092ea4,6,False
2034,0965a50373ff2e38a05a3646867890d5f1069ae9,fcd025dd765a74496086f7e081e9d7b41fd92fcb,4,False
2038,0965a50373ff2e38a05a3646867890d5f1069ae9,5e23b4bc089dc6aa9855e4abdaec172171b03f00,4,False
2039,0965a50373ff2e38a05a3646867890d5f1069ae9,99cdc0ec5eb6660c5a600d3c240fc27f683c42f8,4,False
2051,0965a50373ff2e38a05a3646867890d5f1069ae9,ab73e70e7421d3aff7e8e6e01e32e486a0326d13,4,False
2052,0965a50373ff2e38a05a3646867890d5f1069ae9,8f5ce5cc4f37036af5a4b9096b596f41c9c2fe0a,8,False
2058,0965a50373ff2e38a05a3646867890d5f1069ae9,e736e25917e448c4d1624018c65bcf112e440dab,4,False
2066,0965a50373ff2e38a05a3646867890d5f1069ae9,8fc6944d105536a4633f286737ecd3949181d731,8,False
2081,6741f91a5b72c7adc706bd629bc9323a6971259f,1ebd8d2863b23a90a36985f9a25c5d431e39612c,19,False
2084,6741f91a5b72c7adc706bd629bc9323a6971259f,64e5f6d3996671a3c23ececf838b8976a078a50c,8,False
2087,6741f91a5b72c7adc706bd629bc9323a6971259f,501fca6a43ee0b80217ca18989d11ea417032744,6,False
2090,6741f91a5b72c7adc706bd629bc9323a6971259f,4c940c7726ddd513e95d808442a77396d71e9f07,8,False
2091,6741f91a5b72c7adc706bd629bc9323a6971259f,d1d504f87535dcc2789fc255c0e51923e1dae6a9,5,False
2095,6741f91a5b72c7adc706bd629bc9323a6971259f,cea4fb5e46aee36ff77ac5d4f0014cd8cb1bee30,9,False
2096,6741f91a5b72c7adc706bd629bc9323a6971259f,7066f00d534a6503931372bb9caeec68bbc7d8a9,8,False
2098,6741f91a5b72c7adc706bd629bc9323a6971259f,53f7e55e05999c34610e8d26227ba64c08a0f4ff,14,False
2100,6741f91a5b72c7adc706bd629bc9323a6971259f,9cdff54c2ba18a97ba1675c69eb632e9ded2607c,6,False
2101,6741f91a5b72c7adc706bd629bc9323a6971259f,938071b0045ff87357da4443efcfab154d092ea4,6,False
2102,6741f91a5b72c7adc706bd629bc9323a6971259f,99cdc0ec5eb6660c5a600d3c240fc27f683c42f8,4,False
2105,6741f91a5b72c7adc706bd629bc9323a6971259f,d9f4d4652b143a2b50533d8a174ad05453044931,7,False
2106,6741f91a5b72c7adc706bd629bc9323a6971259f,18b271097d0d5ff8b57675bf67450104d4ce31f4,5,False
2110,6741f91a5b72c7adc706bd629bc9323a6971259f,8f5ce5cc4f37036af5a4b9096b596f41c9c2fe0a,8,False
2113,6741f91a5b72c7adc706bd629bc9323a6971259f,33c68a952dd1af96a8dcaba64fed5810a4328056,5,False
2118,6741f91a5b72c7adc706bd629bc9323a6971259f,8fc6944d105536a4633f286737ecd3949181d731,8,False
2125,6741f91a5b72c7adc706bd629bc9323a6971259f,be83535338d802b8014babb62f4034c17e1ffd83,4,False
2129,f3747d72af6c12c49e1fec4ba8fe65bcd9d25d05,7066f00d534a6503931372bb9caeec68bbc7d8a9,8,False
2137,f3747d72af6c12c49e1fec4ba8fe65bcd9d25d05,d9f4d4652b143a2b50533d8a174ad05453044931,7,False
2141,f3747d72af6c12c49e1fec4ba8fe65bcd9d25d05,8f5ce5cc4f37036af5a4b9096b596f41c9c2fe0a,8,False
2145,f3747d72af6c12c49e1fec4ba8fe65bcd9d25d05,33c68a952dd1af96a8dcaba64fed5810a4328056,5,False
2156,1ebd8d2863b23a90a36985f9a25c5d431e39612c,64e5f6d3996671a3c23ececf838b8976a078a50c,8,False
2157,1ebd8d2863b23a90a36985f9a25c5d431e39612c,501fca6a43ee0b80217ca18989d11ea417032744,6,False
2159,1ebd8d2863b23a90a36985f9a25c5d431e39612c,4c940c7726ddd513e95d808442a77396d71e9f07,8,False
2161,1ebd8d2863b23a90a36985f9a25c5d431e39612c,cea4fb5e46aee36ff77ac5d4f0014cd8cb1bee30,9,False
2162,1ebd8d2863b23a90a36985f9a25c5d431e39612c,7066f00d534a6503931372bb9caeec68bbc7d8a9,8,False
2163,1ebd8d2863b23a90a36985f9a25c5d431e39612c,33052126780794407eae74479c0c0de053921434,7,False
2165,1ebd8d2863b23a90a36985f9a25c5d431e39612c,53f7e55e05999c34610e8d26227ba64c08a0f4ff,14,False
2168,1ebd8d2863b23a90a36985f9a25c5d431e39612c,9cdff54c2ba18a97ba1675c69eb632e9ded2607c,6,False
2171,1ebd8d2863b23a90a36985f9a25c5d431e39612c,938071b0045ff87357da4443efcfab154d092ea4,6,False
2172,1ebd8d2863b23a90a36985f9a25c5d431e39612c,99cdc0ec5eb6660c5a600d3c240fc27f683c42f8,4,False
2173,1ebd8d2863b23a90a36985f9a25c5d431e39612c,d9f4d4652b143a2b50533d8a174ad05453044931,7,False
2175,1ebd8d2863b23a90a36985f9a25c5d431e39612c,8f5ce5cc4f37036af5a4b9096b596f41c9c2fe0a,8,False
2177,1ebd8d2863b23a90a36985f9a25c5d431e39612c,33c68a952dd1af96a8dcaba64fed5810a4328056,5,False
2189,1ebd8d2863b23a90a36985f9a25c5d431e39612c,be83535338d802b8014babb62f4034c17e1ffd83,4,False
2190,1ebd8d2863b23a90a36985f9a25c5d431e39612c,601273c37a9670f00234f7e7092bb673e7c0b25c,6,False
2219,cea4fb5e46aee36ff77ac5d4f0014cd8cb1bee30,53f7e55e05999c34610e8d26227ba64c08a0f4ff,14,False
2220,cea4fb5e46aee36ff77ac5d4f0014cd8cb1bee30,fcd025dd765a74496086f7e081e9d7b41fd92fcb,4,False
2221,cea4fb5e46aee36ff77ac5d4f0014cd8cb1bee30,5e23b4bc089dc6aa9855e4abdaec172171b03f00,4,False
2223,cea4fb5e46aee36ff77ac5d4f0014cd8cb1bee30,d9f4d4652b143a2b50533d8a174ad05453044931,7,False
2225,cea4fb5e46aee36ff77ac5d4f0014cd8cb1bee30,8f5ce5cc4f37036af5a4b9096b596f41c9c2fe0a,8,False
2226,cea4fb5e46aee36ff77ac5d4f0014cd8cb1bee30,33c68a952dd1af96a8dcaba64fed5810a4328056,5,False
2228,cea4fb5e46aee36ff77ac5d4f0014cd8cb1bee30,8fc6944d105536a4633f286737ecd3949181d731,8,False
2233,53f7e55e05999c34610e8d26227ba64c08a0f4ff,fcd025dd765a74496086f7e081e9d7b41fd92fcb,4,False
2234,53f7e55e05999c34610e8d26227ba64c08a0f4ff,5e23b4bc089dc6aa9855e4abdaec172171b03f00,4,False
2235,53f7e55e05999c34610e8d26227ba64c08a0f4ff,d9f4d4652b143a2b50533d8a174ad05453044931,7,False
2237,53f7e55e05999c34610e8d26227ba64c08a0f4ff,88779104d045f4f319d17184368ee12431a0ce82,5,False
2238,53f7e55e05999c34610e8d26227ba64c08a0f4ff,8f5ce5cc4f37036af5a4b9096b596f41c9c2fe0a,8,False
2241,53f7e55e05999c34610e8d26227ba64c08a0f4ff,e736e25917e448c4d1624018c65bcf112e440dab,4,False
2250,3a71cb2b09f680fda2d34630af479ee0a2ca496e,148316b20fabdda8f3d0795c07ebb12986dd59da,8,False
2254,3a71cb2b09f680fda2d34630af479ee0a2ca496e,0c1c4b3b78e54381e1a1011843ffa1924af2da83,7,False
2257,3a71cb2b09f680fda2d34630af479ee0a2ca496e,b327b4a8f6b3fcafc23161c71a923d77f282f419,4,False
2277,856e2c985825d055ec619a4ac9bf408182fd35a8,0c1c4b3b78e54381e1a1011843ffa1924af2da83,7,False
2279,856e2c985825d055ec619a4ac9bf408182fd35a8,b327b4a8f6b3fcafc23161c71a923d77f282f419,4,False
2282,856e2c985825d055ec619a4ac9bf408182fd35a8,3ec9dab922762efca3f3913e28a454e2061ccdb6,5,False
2283,856e2c985825d055ec619a4ac9bf408182fd35a8,1efc86d78b94931fefdfd47614299f6c6c17980e,7,False
2537,148316b20fabdda8f3d0795c07ebb12986dd59da,0c1c4b3b78e54381e1a1011843ffa1924af2da83,7,False
2546,148316b20fabdda8f3d0795c07ebb12986dd59da,b327b4a8f6b3fcafc23161c71a923d77f282f419,4,False
2554,148316b20fabdda8f3d0795c07ebb12986dd59da,3ec9dab922762efca3f3913e28a454e2061ccdb6,5,False
2578,148316b20fabdda8f3d0795c07ebb12986dd59da,1efc86d78b94931fefdfd47614299f6c6c17980e,7,False
2585,148316b20fabdda8f3d0795c07ebb12986dd59da,d59780c129598857dd7ba888be017446a1849861,5,False
2629,353707814a5cfef499faf355665e739bc1d64218,0c1c4b3b78e54381e1a1011843ffa1924af2da83,7,False
2630,353707814a5cfef499faf355665e739bc1d64218,d59780c129598857dd7ba888be017446a1849861,5,False
2646,0c1c4b3b78e54381e1a1011843ffa1924af2da83,b327b4a8f6b3fcafc23161c71a923d77f282f419,4,False
2657,0c1c4b3b78e54381e1a1011843ffa1924af2da83,3ec9dab922762efca3f3913e28a454e2061ccdb6,5,False
2677,0c1c4b3b78e54381e1a1011843ffa1924af2da83,1efc86d78b94931fefdfd47614299f6c6c17980e,7,False
2681,0c1c4b3b78e54381e1a1011843ffa1924af2da83,d59780c129598857dd7ba888be017446a1849861,5,False
